start,end,prompt,transition,ken_burns,grade,grain,music,text_type,text_value,narration,voice,animation,animation_params
0,5,"A vast dry plain in central India at first light, a single cart track running to the horizon, one distant walking figure, dust suspended in low sun, extreme wide shot, vast scale, human figures small in frame, warm ochre dawn palette, dust in low sunlight, earth tones, cinematic documentary photography, 35mm film, natural light, shallow depth of field, no text, no lettering, no signage, no logos, 16:9",fadeblack,,warm,light,warm.mp3,,भीमराव रामजी आंबेडकर,भारत के इतिहास में कुछ नाम ऐसे हैं... जिन्हें सिर्फ उनके पद से नहीं समझा जा सकता।,,title_reveal,size=0.078
5,8,"Three men in early twentieth century Indian formal dress standing apart from one another in a colonnaded government hall, all seen from behind, long shadows on stone, medium shot, warm ochre dawn palette, dust in low sunlight, earth tones, cinematic documentary photography, 35mm film, natural light, shallow depth of field, no text, no lettering, no signage, no logos, 16:9",cut,zoom_in:1.15,warm,light,,,,कुछ लोग मंत्री बने। कुछ नेता बने। कुछ विद्वान बने।,,,
8,13,"A single standing figure seen from behind facing a large seated village gathering in an 1890s courtyard, strong backlight, clear empty ground between them, wide shot, warm ochre dawn palette, dust in low sunlight, earth tones, cinematic documentary photography, 35mm film, natural light, shallow depth of field, no text, no lettering, no signage, no logos, 16:9",dissolve,zoom_in:1.11,warm,light,,,,"और कुछ... ऐसे लोग हुए जिन्होंने उस समाज से ही सवाल पूछ दिया, जिसमें वे पैदा हुए थे।",,,
13,15,"A weathered wooden barracks door with iron hinges, close detail of the grain, morning light raking across it, extreme close-up, detail shot, warm ochre dawn palette, dust in low sunlight, earth tones, cinematic documentary photography, 35mm film, natural light, shallow depth of field, no text, no lettering, no signage, no logos, 16:9",cut,,warm,light,,,१४ अप्रैल १८९१,"14 अप्रैल, 1891।",,lower_third,"sub=महू छावनी, मध्य भारत"
15,17,"A British Indian army cantonment in central India in the 1890s, rows of low whitewashed barracks around a bare parade ground, distant hills, a few small figures at the far end, extreme wide shot, vast scale, human figures small in frame, warm ochre dawn palette, dust in low sunlight, earth tones, cinematic documentary photography, 35mm film, natural light, shallow depth of field, no text, no lettering, no signage, no logos, 16:9",cut,pan_left,warm,light,,,,मध्य भारत की महू छावनी।,,,
17,21,"A folded cotton cloth and a small brass bowl on a rope cot inside a spare barracks room, a woman's hands just entering the edge of frame, soft morning light, close shot, warm ochre dawn palette, dust in low sunlight, earth tones, cinematic documentary photography, 35mm film, natural light, shallow depth of field, no text, no lettering, no signage, no logos, 16:9",cut,zoom_out:1.16,warm,light,,,,यहीं एक बच्चे का जन्म हुआ। नाम था— भीमराव। पूरा नाम... भीमराव रामजी आंबेडकर।,,,
21,27.5,"A small boy seen from behind standing in a barracks doorway looking out at an empty parade ground, morning light across his shoulders, face not visible, medium shot, warm ochre dawn palette, dust in low sunlight, earth tones, cinematic documentary photography, 35mm film, natural light, shallow depth of field, no text, no lettering, no signage, no logos, 16:9",dissolve,zoom_in:1.15,warm,light,,,,"आगे चलकर यही बच्चा, भारत के सबसे प्रभावशाली विचारकों में से एक बनने वाला था। लेकिन उस समय... वह सिर्फ एक बच्चा था।",,,
27.5,34,"Looking straight down at a child's bare feet at the edge of a swept earth courtyard, a hard line where the swept ground ends and rough ground begins, high overhead shot looking straight down, warm ochre dawn palette, dust in low sunlight, earth tones, cinematic documentary photography, 35mm film, natural light, shallow depth of field, no text, no lettering, no signage, no logos, 16:9",dissolve,zoom_out:1.18,warm,light,,,,"और उसके जन्म के साथ ही उसकी जिंदगी पर एक ऐसी सामाजिक पहचान लिख दी गई थी, जिसे उसने खुद नहीं चुना था।",,,
34,38.5,"A cluster of low mud-walled houses set apart at the edge of an 1890s Indian village, a wide bare strip of ground separating them from the main settlement, a few distant figures, wide shot, warm ochre dawn palette, dust in low sunlight, earth tones, cinematic documentary photography, 35mm film, natural light, shallow depth of field, no text, no lettering, no signage, no logos, 16:9",dissolve:0.7,zoom_in:1.11,warm,light,,,,उसका परिवार उस समय की जाति व्यवस्था में 'अछूत' माने जाने वाले महार समुदाय से था।,,,
38.5,45.5,"A queue of villagers waiting at a stone well in hot afternoon light, one small group standing markedly further back than the rest, all faces turned away from camera, medium shot, warm ochre dawn palette, dust in low sunlight, earth tones, cinematic documentary photography, 35mm film, natural light, shallow depth of field, no text, no lettering, no signage, no logos, 16:9",dissolve,,warm,light,,subtitle,अस्पृश्यता,इसका अर्थ केवल इतना नहीं था कि समाज में कुछ लोग उसे अपने से अलग मानते थे। अस्पृश्यता रोजमर्रा की जिंदगी को प्रभावित करती थी।,,cine_handheld,
45.5,47.5,"A brass pot being filled at a village well, water spilling over the rim, hands and forearms only, harsh midday light, extreme close-up, detail shot, warm ochre dawn palette, dust in low sunlight, earth tones, cinematic documentary photography, 35mm film, natural light, shallow depth of field, no text, no lettering, no signage, no logos, 16:9",cut,,warm,light,,,पानी,पानी...,,vox_title,
47.5,49.5,"A child's slate and chalk resting on a bare earth floor, set apart from a row of low wooden school desks, shallow focus, extreme close-up, detail shot, warm ochre dawn palette, dust in low sunlight, earth tones, cinematic documentary photography, 35mm film, natural light, shallow depth of field, no text, no lettering, no signage, no logos, 16:9",dissolve:0.7,,warm,light,,,स्कूल,स्कूल...,,vox_title,
49.5,51.5,"A temple doorway seen from ground level at the foot of worn stone steps, dark interior beyond, the bare feet of people passing at the top of frame, low angle shot from ground level, warm ochre dawn palette, dust in low sunlight, earth tones, cinematic documentary photography, 35mm film, natural light, shallow depth of field, no text, no lettering, no signage, no logos, 16:9",cut,,warm,light,,,मंदिर,मंदिर...,,vox_title,
51.5,53.5,"A village square at midday with a stone platform under a peepal tree, groups of people seated in separate clusters with open ground deliberately between them, wide shot, warm ochre dawn palette, dust in low sunlight, earth tones, cinematic documentary photography, 35mm film, natural light, shallow depth of field, no text, no lettering, no signage, no logos, 16:9",dissolve,,warm,light,,,सार्वजनिक स्थान,सार्वजनिक स्थान...,,vox_title,
53.5,57,"Two men in 1890s Indian dress passing each other on a narrow lane, both turning their bodies away, deliberate distance between them, dust underfoot, medium shot, warm ochre dawn palette, dust in low sunlight, earth tones, cinematic documentary photography, 35mm film, natural light, shallow depth of field, no text, no lettering, no signage, no logos, 16:9",dissolve,,warm,light,,,,और यहां तक कि दूसरे लोगों के साथ सामान्य सामाजिक व्यवहार तक।,,cine_handheld,
57,67,"A sprawling late nineteenth century Indian town seen from a hillside at dusk, its quarters visibly separated by open ground and low walls, cooking smoke rising, extreme wide shot, vast scale, human figures small in frame, warm ochre dawn palette, dust in low sunlight, earth tones, cinematic documentary photography, 35mm film, natural light, shallow depth of field, no text, no lettering, no signage, no logos, 16:9",cut,,warm,light,,,,"आज इन बातों की कल्पना करना कठिन है। लेकिन उन्नीसवीं सदी के अंत और बीसवीं सदी के शुरुआती भारत में, जाति केवल पहचान नहीं थी। वह सामाजिक संबंधों को निर्धारित करने वाली एक शक्ति थी।",,cine_dolly,
67,69.5,"A boy seen from behind sitting on a doorstep with a book open on his knees, a courtyard beyond him, late afternoon light, medium shot, warm ochre dawn palette, dust in low sunlight, earth tones, cinematic documentary photography, 35mm film, natural light, shallow depth of field, no text, no lettering, no signage, no logos, 16:9",cut,zoom_in:1.15,warm,light,,,,इसी वातावरण में भीमराव बड़े हो रहे थे।,,,
69.5,72.5,"A British Indian army subedar's woollen coat and cap hanging on a wooden peg with boots beneath, lamplight, nobody in frame, medium shot, warm ochre dawn palette, dust in low sunlight, earth tones, cinematic documentary photography, 35mm film, natural light, shallow depth of field, no text, no lettering, no signage, no logos, 16:9",dissolve:0.7,,warm,light,,,रामजी मालोजी सकपाल,"उनके पिता रामजी मालोजी सकपाल, ब्रिटिश भारतीय सेना में कार्यरत थे।",,lower_third,sub=ब्रिटिश भारतीय सेना
72.5,79.5,"A man's weathered hands opening a school exercise book on a low table by lamplight, a child's small hand reaching into the frame, close shot, warm ochre dawn palette, dust in low sunlight, earth tones, cinematic documentary photography, 35mm film, natural light, shallow depth of field, no text, no lettering, no signage, no logos, 16:9",dissolve,zoom_out:1.16,warm,light,,,,"रामजी स्वयं शिक्षा के महत्व को समझते थे। और शायद यही वह पहली चीज थी, जिसने भीमराव के जीवन की दिशा बदल दी— शिक्षा।",,,
79.5,84,"A spare one-room home at night lit by a single oil lamp, bedding rolled against the wall, a child reading on the floor seen from behind, medium shot, warm ochre dawn palette, dust in low sunlight, earth tones, cinematic documentary photography, 35mm film, natural light, shallow depth of field, no text, no lettering, no signage, no logos, 16:9",dissolve,zoom_in:1.15,warm,light,,,,गरीबी थी। सामाजिक भेदभाव था। लेकिन परिवार में एक विचार था... कि पढ़ाई करनी है।,,,
84,92,"An open page of printed Devanagari script under an oil lamp, a fingertip resting on a line, the rest of the room in deep darkness, extreme close-up, detail shot, warm ochre dawn palette, dust in low sunlight, earth tones, cinematic documentary photography, 35mm film, natural light, shallow depth of field, no text, no lettering, no signage, no logos, 16:9",cut,,warm,light,,,,क्योंकि अगर समाज किसी इंसान से उसकी बराबरी छीन ले... तो ज्ञान कम-से-कम उसे यह समझने की ताकत दे सकता है कि उसके साथ हो क्या रहा है।,,cine_punch,
92,99,"Over the shoulder of a child writing on a slate by lamplight, chalk dust in the air, the marks soft and unreadable, over-the-shoulder shot from behind, warm ochre dawn palette, dust in low sunlight, earth tones, cinematic documentary photography, 35mm film, natural light, shallow depth of field, no text, no lettering, no signage, no logos, 16:9",cut,zoom_in:1.12,warm,light,,,,और शायद यही वजह है कि आगे चलकर आंबेडकर के विचारों में शिक्षा सिर्फ नौकरी पाने का साधन नहीं रही। शिक्षा... स्वाभिमान का साधन बनी।,,,
99,111,"A single small figure walking away down a long dusty road at dawn toward a distant town, vast open sky, the road stretching far ahead, extreme wide shot, vast scale, human figures small in frame, warm ochre dawn palette, dust in low sunlight, earth tones, cinematic documentary photography, 35mm film, natural light, shallow depth of field, no text, no lettering, no signage, no logos, 16:9",cut,,warm,light,,,,"लेकिन अभी कहानी बहुत शुरुआत में थी। क्योंकि जिस बच्चे को पढ़ने का अधिकार चाहिए था, उसे पहले यह साबित करना था कि वह पढ़ सकता है। और उससे भी बड़ी बात... कि वह इंसान की तरह जीने का अधिकार रखता है।",,cine_dolly,
111,116,"An early 1900s Indian schoolroom seen from the back of the room, rows of low wooden desks with boys seated, hard daylight from high windows, wide shot, cool grey-blue schoolroom palette, hard north daylight, chalk and worn wood, cinematic documentary photography, 35mm film, natural light, shallow depth of field, no text, no lettering, no signage, no logos, 16:9",fadeblack,zoom_in:1.11,cold,light,somber.mp3,,,स्कूल में पढ़ना आज सामान्य बात है। लेकिन भीमराव के लिए स्कूल की दुनिया हमेशा सामान्य नहीं थी।,,,
116,122.5,"A single boy seated alone on a cloth mat on the bare floor at the back of a schoolroom, the nearest desk several feet away, other pupils seated ahead of him, seen from behind, medium shot, cool grey-blue schoolroom palette, hard north daylight, chalk and worn wood, cinematic documentary photography, 35mm film, natural light, shallow depth of field, no text, no lettering, no signage, no logos, 16:9",dissolve,zoom_in:1.15,cold,light,,,,वहां उनकी जाति उनके साथ जाती थी। कक्षा में बैठने से लेकर पानी पीने तक... सामाजिक भेदभाव का असर दिखाई देता था।,,,
122.5,127,"A boy's hands copying from a textbook onto a slate in poor light, worn sleeves, hard pressure on the chalk, close shot, cool grey-blue schoolroom palette, hard north daylight, chalk and worn wood, cinematic documentary photography, 35mm film, natural light, shallow depth of field, no text, no lettering, no signage, no logos, 16:9",dissolve,zoom_out:1.16,cold,light,,,,लेकिन इन अनुभवों ने उन्हें पढ़ाई से दूर नहीं किया। इसके उलट... वे पढ़ते गए।,,,
127,129.5,"A curling examination results notice pinned to a wooden board, paper grain and pin shadow in close detail, letters illegible, extreme close-up, detail shot, cool grey-blue schoolroom palette, hard north daylight, chalk and worn wood, cinematic documentary photography, 35mm film, natural light, shallow depth of field, no text, no lettering, no signage, no logos, 16:9",dissolve,,cold,light,,,१९०७ — मैट्रिक,1907 में उन्होंने मैट्रिक की परीक्षा पास की।,,lower_third,sub=बॉम्बे प्रेसिडेंसी
129.5,135,"A gathering of villagers celebrating in warm evening light seen from far behind, garlands and a small crowd, individual faces not discernible, wide shot, cool grey-blue schoolroom palette, hard north daylight, chalk and worn wood, cinematic documentary photography, 35mm film, natural light, shallow depth of field, no text, no lettering, no signage, no logos, 16:9",cut,zoom_in:1.11,cold,light,,,,"यह उनके समुदाय के लिए भी एक महत्वपूर्ण घटना थी, क्योंकि उस समय उच्च शिक्षा तक पहुंच बहुत सीमित थी।",,,
135,137.5,"Elphinstone College Bombay, gothic stone arches and a tall clock tower, wide exterior view in morning haze, students crossing the courtyard at distance, extreme wide shot, vast scale, human figures small in frame, cool grey-blue schoolroom palette, hard north daylight, chalk and worn wood, cinematic documentary photography, 35mm film, natural light, shallow depth of field, no text, no lettering, no signage, no logos, 16:9",dissolve,pan_right,cold,light,,,,इसके बाद वे एल्फिंस्टन कॉलेज पहुंचे। फिर बॉम्बे विश्वविद्यालय।,,,
137.5,142,"A young man in a high-collared coat seen from behind walking a colonnaded college corridor, arches receding, light falling in bars across the floor, medium shot, cool grey-blue schoolroom palette, hard north daylight, chalk and worn wood, cinematic documentary photography, 35mm film, natural light, shallow depth of field, no text, no lettering, no signage, no logos, 16:9",cut,zoom_in:1.15,cold,light,,,,यहां से उनकी दुनिया धीरे-धीरे बदलने लगी। क्योंकि अब वह सिर्फ एक विद्यार्थी नहीं थे।,,,
142,146.5,"Over-the-shoulder view of open economics and political theory books spread across a library table, margins dense with pencil notes, writing not legible, over-the-shoulder shot from behind, cool grey-blue schoolroom palette, hard north daylight, chalk and worn wood, cinematic documentary photography, 35mm film, natural light, shallow depth of field, no text, no lettering, no signage, no logos, 16:9",dissolve:0.7,zoom_in:1.12,cold,light,,,,"वह एक ऐसे युवा थे, जो अर्थशास्त्र और राजनीति को समझने की कोशिश कर रहे थे।",,,
146.5,156,"An ornate Baroda state reception room of the 1910s, high ceiling and long carpet, a document being handed across a desk, only the hands visible, wide shot, cool grey-blue schoolroom palette, hard north daylight, chalk and worn wood, cinematic documentary photography, 35mm film, natural light, shallow depth of field, no text, no lettering, no signage, no logos, 16:9",dissolve,,cold,light,,,१९१३ — बड़ौदा छात्रवृत्ति,1913 में उन्हें एक ऐसा अवसर मिला जो उनके जीवन की दिशा बदलने वाला था। बड़ौदा के महाराजा सयाजीराव गायकवाड़ की छात्रवृत्ति के सहारे उन्हें अमेरिका की कोलंबिया यूनिवर्सिटी जाने का मौका मिला।,,lower_third,sub=महाराजा सयाजीराव गायकवाड़
156,160,"A steamship pulling away from an Indian port at dawn, a crowd on the quay seen from behind among rope and luggage, wide flat water, extreme wide shot, vast scale, human figures small in frame, cool grey-blue schoolroom palette, hard north daylight, chalk and worn wood, cinematic documentary photography, 35mm film, natural light, shallow depth of field, no text, no lettering, no signage, no logos, 16:9",dissolve,pan_left,cold,light,,,,उम्र थी लगभग बाईस वर्ष। और अब... भीमराव भारत से हजारों किलोमीटर दूर थे।,,,
160,162,"The lower Manhattan skyline in 1913 seen from the harbour, steam and coal smoke, grey winter light, ferries crossing the foreground, extreme wide shot, vast scale, human figures small in frame, cool grey-blue schoolroom palette, hard north daylight, chalk and worn wood, cinematic documentary photography, 35mm film, natural light, shallow depth of field, no text, no lettering, no signage, no logos, 16:9",dissolve:0.7,pan_right,cold,light,,,,न्यूयॉर्क में। एक बिल्कुल अलग समाज में।,,,
162,167.5,"A crowded New York street in 1913, mixed crowd walking briskly, streetcars and awnings, faces blurred by motion, medium shot, cool grey-blue schoolroom palette, hard north daylight, chalk and worn wood, cinematic documentary photography, 35mm film, natural light, shallow depth of field, no text, no lettering, no signage, no logos, 16:9",cut,zoom_in:1.15,cold,light,,,,"एक ऐसा वातावरण, जहां उनकी जाति उनके साथ उसी तरह नहीं चल रही थी जैसे भारत में चलती थी।",,,
167.5,175,"A university lecture hall with tiered wooden seating seen from the rear, students seated shoulder to shoulder without separation, winter light through tall windows, wide shot, cool grey-blue schoolroom palette, hard north daylight, chalk and worn wood, cinematic documentary photography, 35mm film, natural light, shallow depth of field, no text, no lettering, no signage, no logos, 16:9",dissolve,zoom_in:1.11,cold,light,,,,यह अनुभव महत्वपूर्ण था। क्योंकि पहली बार उन्हें यह देखने का अवसर मिला कि समाज किसी इंसान की पहचान को दूसरे तरीके से भी देख सकता है।,,,
175,178.5,"Over the shoulder of a student taking notes in a lecture hall, fountain pen on ruled paper, handwriting not legible, over-the-shoulder shot from behind, cool grey-blue schoolroom palette, hard north daylight, chalk and worn wood, cinematic documentary photography, 35mm film, natural light, shallow depth of field, no text, no lettering, no signage, no logos, 16:9",dissolve,zoom_in:1.12,cold,light,,,,"कोलंबिया में उन्होंने राजनीति, अर्थशास्त्र और समाज से जुड़े विषयों का अध्ययन किया।",,,
178.5,187,"An empty lectern and a blackboard covered in chalk diagrams in a 1910s American classroom, dust turning in a shaft of light, medium shot, cool grey-blue schoolroom palette, hard north daylight, chalk and worn wood, cinematic documentary photography, 35mm film, natural light, shallow depth of field, no text, no lettering, no signage, no logos, 16:9",dissolve:0.7,,cold,light,,,जॉन ड्यूई,और वहां उनकी मुलाकात उन विचारों से हुई जो आगे चलकर उनकी बौद्धिक दुनिया का हिस्सा बनने वाले थे। इनमें एक नाम विशेष रूप से महत्वपूर्ण था— जॉन ड्यूई।,,lower_third,sub=कोलंबिया विश्वविद्यालय
187,192,"A blackboard wiped almost clean, ghost marks of chalk still showing, a chalk stub on the rail, raking light, extreme close-up, detail shot, cool grey-blue schoolroom palette, hard north daylight, chalk and worn wood, cinematic documentary photography, 35mm film, natural light, shallow depth of field, no text, no lettering, no signage, no logos, 16:9",cut,zoom_in:1.22,cold,light,,,,लोकतंत्र... व्यक्ति की स्वतंत्रता... शिक्षा... और सामाजिक जीवन में समानता... ये केवल किताबों के विषय नहीं रहे।,,,
192,197,"A 1915 degree ceremony seen from the back of the hall, rows of gowns and mortarboards, nobody's face visible, medium shot, cool grey-blue schoolroom palette, hard north daylight, chalk and worn wood, cinematic documentary photography, 35mm film, natural light, shallow depth of field, no text, no lettering, no signage, no logos, 16:9",cut,zoom_in:1.15,cold,light,,,,ये धीरे-धीरे आंबेडकर की सोच का हिस्सा बनने लगे। 1915 में उन्होंने कोलंबिया से मास्टर डिग्री प्राप्त की।,,,
197,201.5,"A thick stack of typed dissertation pages tied with cotton tape on a desk beside a brass lamp, cold window light, close shot, cool grey-blue schoolroom palette, hard north daylight, chalk and worn wood, cinematic documentary photography, 35mm film, natural light, shallow depth of field, no text, no lettering, no signage, no logos, 16:9",dissolve,zoom_out:1.16,cold,light,,,,और उनका अकादमिक सफर यहीं नहीं रुका। आगे चलकर उन्होंने डॉक्टरेट के लिए शोध किया।,,,
201.5,210,"Looking straight down at a desk covered with economic tables, a slide rule, an ink pot and a folded map of India, high overhead shot looking straight down, cool grey-blue schoolroom palette, hard north daylight, chalk and worn wood, cinematic documentary photography, 35mm film, natural light, shallow depth of field, no text, no lettering, no signage, no logos, 16:9",cut,zoom_out:1.18,cold,light,,,,"उनकी बौद्धिक रुचि सिर्फ जाति तक सीमित नहीं थी। वे भारत की अर्थव्यवस्था, वित्त व्यवस्था, प्रांतीय प्रशासन, मुद्रा और राजनीतिक संस्थाओं जैसे विषयों पर भी काम कर रहे थे।",,,
210,220,"A university reading room at night, one occupied desk among many empty ones, a lamp pooling light, the figure seen from behind, medium shot, cool grey-blue schoolroom palette, hard north daylight, chalk and worn wood, cinematic documentary photography, 35mm film, natural light, shallow depth of field, no text, no lettering, no signage, no logos, 16:9",dissolve,zoom_in:1.15,cold,light,,,,यही बात आंबेडकर को समझने के लिए बेहद जरूरी है। क्योंकि अगर हम उन्हें केवल 'दलितों के नेता' के रूप में देखते हैं... तो हम उनके व्यक्तित्व का एक बहुत बड़ा हिस्सा छोड़ देते हैं।,,,
220,225.5,"A wall of law, economics and philosophy volumes from floor to ceiling seen from below, a ladder leaning against it, a figure near the top reaching for a book, low angle shot from ground level, cool grey-blue schoolroom palette, hard north daylight, chalk and worn wood, cinematic documentary photography, 35mm film, natural light, shallow depth of field, no text, no lettering, no signage, no logos, 16:9",dissolve:0.7,zoom_in:1.13,cold,light,,,,वह अर्थशास्त्री भी थे। विधिवेत्ता भी। शिक्षाविद भी। पत्रकार भी। राजनीतिक विचारक भी। और आगे चलकर... संवैधानिक चिंतक भी।,,,
225.5,235,"A ship arriving at Bombay harbour in hard bright light, a crowd waiting on the dock, the low city behind, seen from the water, extreme wide shot, vast scale, human figures small in frame, cool grey-blue schoolroom palette, hard north daylight, chalk and worn wood, cinematic documentary photography, 35mm film, natural light, shallow depth of field, no text, no lettering, no signage, no logos, 16:9",cut,pan_left,cold,light,,,,लेकिन विदेश में मिली शिक्षा के बाद जब वह भारत लौटे... तो उन्हें एक कठोर सच्चाई फिर से दिखाई देने वाली थी। डिग्रियां बहुत ऊंची हो सकती थीं। लेकिन जाति... अब भी वही थी।,,,
235,241,"The Thames embankment on a wet overcast morning in the early 1920s, wet stone and bare trees, figures with umbrellas at distance, extreme wide shot, vast scale, human figures small in frame, cold northern palette, wet stone, overcast silver light, ink blues, cinematic documentary photography, 35mm film, natural light, shallow depth of field, no text, no lettering, no signage, no logos, 16:9",fadeblack,pan_right,cold,light,hopeful.mp3,,,अमेरिका में शिक्षा पूरी करने के बाद भीमराव आंबेडकर की बौद्धिक यात्रा आगे बढ़ती रही। वे भारत लौटे। फिर लंदन गए।,,,
241,245.5,"A worn stone staircase in a London inn of court, a figure in a dark overcoat climbing it seen from behind, cold light from a high window, medium shot, cold northern palette, wet stone, overcast silver light, ink blues, cinematic documentary photography, 35mm film, natural light, shallow depth of field, no text, no lettering, no signage, no logos, 16:9",cut,zoom_in:1.15,cold,light,,,,वहां उन्होंने कानून और अर्थशास्त्र का अध्ययन किया। उनकी पढ़ाई का दायरा लगातार बढ़ रहा था।,,,
245.5,250,"Rain running down a tall sash window at night, a desk lamp reflected in the glass, a shoulder in silhouette at the edge of frame, close shot, cold northern palette, wet stone, overcast silver light, ink blues, cinematic documentary photography, 35mm film, natural light, shallow depth of field, no text, no lettering, no signage, no logos, 16:9",dissolve,zoom_out:1.16,cold,light,,,,लेकिन एक सवाल लगातार उनके साथ था— भारत में सामाजिक असमानता इतनी गहरी क्यों है?,,,
250,258,"The reading room of a great London library, concentric desks beneath a domed roof, scattered readers, cold silver light from above, wide shot, cold northern palette, wet stone, overcast silver light, ink blues, cinematic documentary photography, 35mm film, natural light, shallow depth of field, no text, no lettering, no signage, no logos, 16:9",cut,zoom_in:1.11,cold,light,,,,और इससे भी बड़ा सवाल— क्या सिर्फ राजनीतिक स्वतंत्रता से यह असमानता खत्म हो जाएगी? यह प्रश्न आगे चलकर उनके पूरे राजनीतिक दर्शन का केंद्र बनने वाला था।,,,
258,265,"Looking straight down at a desk of financial papers, currency tables and a row of Indian silver rupees arranged in a line beside a brass lamp, high overhead shot looking straight down, cold northern palette, wet stone, overcast silver light, ink blues, cinematic documentary photography, 35mm film, natural light, shallow depth of field, no text, no lettering, no signage, no logos, 16:9",dissolve:0.7,,cold,light,,,The Problem of the Rupee,लंदन में उन्होंने कानून का अध्ययन किया और अर्थशास्त्र पर भी गंभीर शोध किया। उनका काम 'The Problem of the Rupee' जैसे विषयों तक पहुंचा।,,lower_third,sub=मुद्रा और औपनिवेशिक वित्त
265,269,"A column of handwritten figures in a leather ledger under a desk lamp, ink, blotting paper, the numbers soft and unreadable, extreme close-up, detail shot, cold northern palette, wet stone, overcast silver light, ink blues, cinematic documentary photography, 35mm film, natural light, shallow depth of field, no text, no lettering, no signage, no logos, 16:9",cut,zoom_in:1.22,cold,light,,,,"भारत की मुद्रा व्यवस्था, औपनिवेशिक वित्त और आर्थिक संरचना पर उन्होंने गंभीर अध्ययन किया।",,,
269,276,"A wall of wooden filing drawers in a colonial finance office, one drawer pulled open, a hand lifting out a folder, medium shot, cold northern palette, wet stone, overcast silver light, ink blues, cinematic documentary photography, 35mm film, natural light, shallow depth of field, no text, no lettering, no signage, no logos, 16:9",cut,zoom_in:1.15,cold,light,,,,यहां एक महत्वपूर्ण बात समझनी चाहिए। आंबेडकर की राजनीति केवल भावनाओं पर आधारित नहीं थी। वे आंकड़ों को देखते थे। संस्थाओं को देखते थे।,,,
276,281.5,"Over the shoulder of someone reading a heavy statute book at a library carrel, a finger holding the place, text not legible, over-the-shoulder shot from behind, cold northern palette, wet stone, overcast silver light, ink blues, cinematic documentary photography, 35mm film, natural light, shallow depth of field, no text, no lettering, no signage, no logos, 16:9",dissolve:0.7,zoom_in:1.12,cold,light,,,,कानून पढ़ते थे। अर्थव्यवस्था को समझते थे। और फिर सामाजिक समस्याओं को उनके पीछे मौजूद संरचनाओं से जोड़कर देखते थे।,,,
281.5,287,"A committee room with a horseshoe table and empty chairs, a single stack of papers set at one place, cold window light, wide shot, cold northern palette, wet stone, overcast silver light, ink blues, cinematic documentary photography, 35mm film, natural light, shallow depth of field, no text, no lettering, no signage, no logos, 16:9",dissolve,zoom_in:1.11,cold,light,,,,यही वजह है कि उनकी बाद की राजनीति में सिर्फ विरोध नहीं था। उसमें संस्थागत समाधान की मांग भी थी।,,,
287,292,"Five objects laid in a row on dark cloth under even museum light — a book, a wooden ballot box, a gavel, a coin and a clay lamp, medium shot, cold northern palette, wet stone, overcast silver light, ink blues, cinematic documentary photography, 35mm film, natural light, shallow depth of field, no text, no lettering, no signage, no logos, 16:9",dissolve,zoom_in:1.15,cold,light,,,,शिक्षा चाहिए। राजनीतिक प्रतिनिधित्व चाहिए। कानूनी सुरक्षा चाहिए। आर्थिक अवसर चाहिए। और सबसे महत्वपूर्ण... सामाजिक सम्मान चाहिए।,,,
292,299.5,"A steam train arriving at an Indian station platform in 1923 seen from the far end, steam filling the canopy, a crowd waiting, extreme wide shot, vast scale, human figures small in frame, cold northern palette, wet stone, overcast silver light, ink blues, cinematic documentary photography, 35mm film, natural light, shallow depth of field, no text, no lettering, no signage, no logos, 16:9",cut,pan_left,cold,light,,,,लेकिन 1923 के आसपास जब वे भारत वापस लौटे... तो उन्हें एक ऐसी परीक्षा का सामना करना पड़ा जिसे कोई डिग्री हल नहीं कर सकती थी।,,,
299.5,306.5,"A grand Baroda state administrative office of the 1920s, high desks and stacked ledgers, clerks at work seen from behind, medium shot, cold northern palette, wet stone, overcast silver light, ink blues, cinematic documentary photography, 35mm film, natural light, shallow depth of field, no text, no lettering, no signage, no logos, 16:9",cut,zoom_in:1.15,cold,light,,,,उन्हें बड़ौदा राज्य में सेवा करनी थी। उनके पास विदेश की उच्च शिक्षा थी। लेकिन समाज की नजर में उनकी जाति अभी भी वही थी।,,,
306.5,308.5,"An office where every desk is occupied but one, which stands isolated in a corner with its chair pushed back, flat daylight, wide shot, cold northern palette, wet stone, overcast silver light, ink blues, cinematic documentary photography, 35mm film, natural light, shallow depth of field, no text, no lettering, no signage, no logos, 16:9",dissolve,zoom_in:1.11,cold,light,,,,उनके साथ सामाजिक दूरी का व्यवहार हुआ।,,,
308.5,318.5,"A hotel register and a room key being pushed back across a counter, two pairs of hands, one withdrawing, close shot, cold northern palette, wet stone, overcast silver light, ink blues, cinematic documentary photography, 35mm film, natural light, shallow depth of field, no text, no lettering, no signage, no logos, 16:9",cut,zoom_out:1.16,cold,light,,,,"इस अनुभव ने उन्हें एक बेहद महत्वपूर्ण निष्कर्ष की ओर धकेला— व्यक्ति को ऊपर उठाने के लिए सिर्फ शिक्षा पर्याप्त नहीं है, अगर समाज की संरचना उसे बराबरी देने के लिए तैयार ही न हो।",,,
318.5,322.5,"A man in a dark coat seen from behind sitting alone on a park bench at dusk with a suitcase beside him, city lamps coming on behind, medium shot, cold northern palette, wet stone, overcast silver light, ink blues, cinematic documentary photography, 35mm film, natural light, shallow depth of field, no text, no lettering, no signage, no logos, 16:9",dissolve,zoom_in:1.15,cold,light,,,,और यहीं से... भीमराव आंबेडकर का विद्यार्थी जीवन एक सामाजिक आंदोलन में बदलने लगा।,,,
322.5,328,"A modest hall in 1923 Bombay with rows of chairs being set out, a table and water jug at the front, volunteers working with faces turned away, wide shot, cold northern palette, wet stone, overcast silver light, ink blues, cinematic documentary photography, 35mm film, natural light, shallow depth of field, no text, no lettering, no signage, no logos, 16:9",dissolve,,cold,light,,,बहिष्कृत हितकारिणी सभा,1923 में उन्होंने बहिष्कृत हितकारिणी सभा की स्थापना की। उद्देश्य था— शिक्षा का प्रसार। सामाजिक सुधार। आर्थिक स्थिति में सुधार।,,lower_third,"sub=स्थापना, १९२३"
328,331.5,"A small hand printing press at work, a compositor's hands setting metal type, ink and damp paper, warm lamplight against cold daylight, medium shot, cold northern palette, wet stone, overcast silver light, ink blues, cinematic documentary photography, 35mm film, natural light, shallow depth of field, no text, no lettering, no signage, no logos, 16:9",dissolve,zoom_in:1.15,cold,light,,,,और वंचित लोगों की समस्याओं को सार्वजनिक और राजनीतिक मंचों तक पहुंचाना।,,,
331.5,340,"A crowded public meeting at night lit by hissing pressure lamps, the audience seen from behind the speaker's platform, hundreds of heads, wide shot, cold northern palette, wet stone, overcast silver light, ink blues, cinematic documentary photography, 35mm film, natural light, shallow depth of field, no text, no lettering, no signage, no logos, 16:9",dissolve,zoom_in:1.11,cold,light,,,,"अब आंबेडकर केवल अपने लिए नहीं पढ़ रहे थे। वह उस समाज के लिए लड़ने लगे थे जिसे सदियों से शिक्षा, संसाधनों और सम्मान से दूर रखा गया था।",,,
340,342.5,"A cupped pair of hands holding water, the surface trembling, hard sunlight against a dark background, extreme close-up, detail shot, cold northern palette, wet stone, overcast silver light, ink blues, cinematic documentary photography, 35mm film, natural light, shallow depth of field, no text, no lettering, no signage, no logos, 16:9",cut,,cold,light,,,पानी,लेकिन अगला संघर्ष... और भी बुनियादी था। पानी।,,vox_title,
342.5,350,"A cupped hand held out empty beneath a village tap that is not running, hard white light, cracked earth below, extreme close-up, detail shot, bleached hot midday palette, white glare, dust and standing water, cinematic documentary photography, 35mm film, natural light, shallow depth of field, no text, no lettering, no signage, no logos, 16:9",fadeblack,,bleach,medium,tension.mp3,,पानी का अधिकार,किसी समाज में अगर किसी इंसान को पानी पीने के लिए भी अनुमति चाहिए... तो समस्या केवल पानी की नहीं होती। समस्या होती है— बराबरी की।,,chapter_card,chapter=भाग चार
350,354,"A 1920s Maharashtra town square at noon, white glare on lime-washed walls, small groups of people standing well apart in the heat, wide shot, bleached hot midday palette, white glare, dust and standing water, cinematic documentary photography, 35mm film, natural light, shallow depth of field, no text, no lettering, no signage, no logos, 16:9",cut,zoom_in:1.11,bleach,medium,,,,1920 के दशक में आंबेडकर का आंदोलन इसी मूल सवाल पर केंद्रित होने लगा।,,,
354,356,"An aerial view of the western Indian coastline and the hills of the Konkan at midday, rivers and small towns far below, heat haze, extreme wide shot, vast scale, human figures small in frame, bleached hot midday palette, white glare, dust and standing water, cinematic documentary photography, 35mm film, natural light, shallow depth of field, no text, no lettering, no signage, no logos, 16:9",dissolve,,bleach,medium,,,"महाड़, महाराष्ट्र",महाड़। महाराष्ट्र का एक शहर।,,map_route,"path=58,20 52,34 46,48 42,58"
356,358.5,"A large public water tank in a Maharashtra town, stone steps descending into still green water, low buildings around it, nobody at the water's edge, wide shot, bleached hot midday palette, white glare, dust and standing water, cinematic documentary photography, 35mm film, natural light, shallow depth of field, no text, no lettering, no signage, no logos, 16:9",dissolve,zoom_in:1.11,bleach,medium,,,,वहां चवदार तालाब था। सार्वजनिक पानी का स्रोत।,,,
358.5,363.5,"A rope barrier and a line of stones laid across the approach to a public water tank, a group of people standing behind it in the heat, all seen from behind, medium shot, bleached hot midday palette, white glare, dust and standing water, cinematic documentary photography, 35mm film, natural light, shallow depth of field, no text, no lettering, no signage, no logos, 16:9",dissolve,zoom_in:1.15,bleach,medium,,,,लेकिन सामाजिक व्यवस्था ने अछूत माने जाने वाले लोगों को उस पानी तक पहुंच से रोक रखा था।,,,
363.5,367.5,"An enormous crowd gathered on open ground beside a water tank in 1927, thousands of white-clad figures seen from a high distance, banners without lettering, extreme wide shot, vast scale, human figures small in frame, bleached hot midday palette, white glare, dust and standing water, cinematic documentary photography, 35mm film, natural light, shallow depth of field, no text, no lettering, no signage, no logos, 16:9",cut,,bleach,medium,,,२० मार्च १९२७,1927 में आंबेडकर ने महाड़ में आंदोलन का नेतृत्व किया। हजारों लोग वहां पहुंचे।,,lower_third,sub=महाड़ सत्याग्रह
367.5,372,"Dozens of cupped hands lifting water from a stone tank at once, water breaking the surface, bright hard sunlight, extreme close-up, detail shot, bleached hot midday palette, white glare, dust and standing water, cinematic documentary photography, 35mm film, natural light, shallow depth of field, no text, no lettering, no signage, no logos, 16:9",cut,zoom_in:1.22,bleach,medium,,,,"मुद्दा बहुत साधारण था— अगर तालाब सार्वजनिक है, तो सार्वजनिक पानी पर अधिकार सबका होना चाहिए।",,,
372,381,"A dense crowd moving together down a narrow town street towards a water tank, seen from behind at shoulder height, dust and white cloth, medium shot, bleached hot midday palette, white glare, dust and standing water, cinematic documentary photography, 35mm film, natural light, shallow depth of field, no text, no lettering, no signage, no logos, 16:9",cut,zoom_in:1.15,bleach,medium,,,,यह आंदोलन केवल पानी पीने के लिए नहीं था। यह उस विचार को चुनौती थी कि जन्म के आधार पर किसी इंसान को सार्वजनिक संसाधनों से दूर रखा जा सकता है।,,,
381,385.5,"Pages of an old bound book curling and blackening in a small fire on open ground, smoke, hands at the edge of frame stepping back, close shot, bleached hot midday palette, white glare, dust and standing water, cinematic documentary photography, 35mm film, natural light, shallow depth of field, no text, no lettering, no signage, no logos, 16:9",dissolve,zoom_out:1.16,bleach,medium,,,,और फिर... आंबेडकर ने एक और कदम उठाया। मनुस्मृति की प्रतियां सार्वजनिक रूप से जलाई गईं।,,,
385.5,387.5,"A crowd standing in a wide circle around a low fire on open ground at dusk, silhouettes against the last light, smoke drifting upward, wide shot, bleached hot midday palette, white glare, dust and standing water, cinematic documentary photography, 35mm film, natural light, shallow depth of field, no text, no lettering, no signage, no logos, 16:9",cut,zoom_in:1.11,bleach,medium,,,,यह घटना बेहद प्रतीकात्मक थी।,,,
387.5,395.5,"A heavy carved stone lintel above a doorway, worn smooth by centuries, a figure standing beneath it in shadow seen from behind, medium shot, bleached hot midday palette, white glare, dust and standing water, cinematic documentary photography, 35mm film, natural light, shallow depth of field, no text, no lettering, no signage, no logos, 16:9",dissolve,zoom_in:1.15,bleach,medium,,,,"आंबेडकर का संघर्ष किसी व्यक्ति विशेष के खिलाफ नहीं, बल्कि उन सामाजिक और धार्मिक व्याख्याओं के खिलाफ था जिन्हें वह जातिगत असमानता को बनाए रखने वाला मानते थे।",,,
395.5,400.5,"The stepped entrance of a large old temple in Nashik, carved stone tower above, a crowd gathered on the road outside behind a line of police, 1930, wide shot, bleached hot midday palette, white glare, dust and standing water, cinematic documentary photography, 35mm film, natural light, shallow depth of field, no text, no lettering, no signage, no logos, 16:9",dissolve,,bleach,medium,,,कालाराम मंदिर सत्याग्रह,लेकिन उनका आंदोलन यहीं नहीं रुका। 1930 में नासिक के कालाराम मंदिर में मंदिर प्रवेश आंदोलन शुरू हुआ।,,lower_third,"sub=नासिक, १९३०"
400.5,407,"Closed temple doors seen from ground level at the top of worn steps, iron studs and heavy bolts, hard shadow across the stone, low angle shot from ground level, bleached hot midday palette, white glare, dust and standing water, cinematic documentary photography, 35mm film, natural light, shallow depth of field, no text, no lettering, no signage, no logos, 16:9",dissolve,zoom_in:1.13,bleach,medium,,,,"सवाल फिर वही था— अगर भगवान सबके हैं, तो मंदिर का दरवाजा जन्म के आधार पर कुछ लोगों के लिए बंद क्यों?",,,
407,413.5,"Two pairs of hands meeting level across a table, neither above the other, even daylight, dark simple background, medium shot, bleached hot midday palette, white glare, dust and standing water, cinematic documentary photography, 35mm film, natural light, shallow depth of field, no text, no lettering, no signage, no logos, 16:9",dissolve:0.7,zoom_in:1.15,bleach,medium,,,,यहां से आंबेडकर की राजनीति का एक महत्वपूर्ण सिद्धांत साफ दिखाई देता है। वह केवल दया नहीं चाहते थे। वह बराबरी चाहते थे।,,,
413.5,424.5,"A brass balance scale in perfect equilibrium on a dark table, bright side light, dust in the air, close shot, bleached hot midday palette, white glare, dust and standing water, cinematic documentary photography, 35mm film, natural light, shallow depth of field, no text, no lettering, no signage, no logos, 16:9",dissolve,zoom_out:1.16,bleach,medium,,,,वह किसी ऊंची जाति के व्यक्ति से यह नहीं कह रहे थे कि वह गरीब या दलित व्यक्ति पर कृपा करे। वह कह रहे थे— कानून और समाज दोनों में इंसान की गरिमा जन्म से तय नहीं होनी चाहिए।,,,
424.5,431,"A vast independence-era political rally on open ground in 1930s India, white khadi caps to the horizon, banners without lettering, dust and heat, extreme wide shot, vast scale, human figures small in frame, bleached hot midday palette, white glare, dust and standing water, cinematic documentary photography, 35mm film, natural light, shallow depth of field, no text, no lettering, no signage, no logos, 16:9",cut,pan_right,bleach,medium,,,,और इसी समय भारत की राष्ट्रीय राजनीति भी तेजी से बदल रही थी। ब्रिटिश शासन के खिलाफ स्वतंत्रता आंदोलन तेज हो रहा था।,,,
431,436.5,"A packed Congress session pandal of the 1930s, rows of seated delegates in white, a raised dais with an empty chair, seen from the rear of the crowd, wide shot, bleached hot midday palette, white glare, dust and standing water, cinematic documentary photography, 35mm film, natural light, shallow depth of field, no text, no lettering, no signage, no logos, 16:9",dissolve,zoom_in:1.11,bleach,medium,,,,कांग्रेस का प्रभाव बढ़ रहा था। महात्मा गांधी देश के सबसे प्रमुख नेताओं में से एक बन चुके थे।,,,
436.5,443,"A pair of dirt roads diverging from a single point across an open Indian landscape at evening, one figure standing at the fork seen from behind, medium shot, bleached hot midday palette, white glare, dust and standing water, cinematic documentary photography, 35mm film, natural light, shallow depth of field, no text, no lettering, no signage, no logos, 16:9",dissolve,zoom_in:1.15,bleach,medium,,,,लेकिन आंबेडकर के सामने एक अलग सवाल था। अगर अंग्रेज चले भी गए... तो क्या जाति व्यवस्था अपने आप खत्म हो जाएगी?,,,
443,453,"Looking straight down at two sets of footprints in dust leading away from one another from a single point, hard evening shadow, high overhead shot looking straight down, bleached hot midday palette, white glare, dust and standing water, cinematic documentary photography, 35mm film, natural light, shallow depth of field, no text, no lettering, no signage, no logos, 16:9",dissolve,zoom_out:1.18,bleach,medium,,,,अगर भारत राजनीतिक रूप से स्वतंत्र हो गया... तो क्या हर भारतीय सामाजिक रूप से भी स्वतंत्र होगा? यहीं से आंबेडकर और गांधी के बीच एक गहरा राजनीतिक और वैचारिक मतभेद सामने आने वाला था।,,,
453,456,"Two plain wooden chairs facing each other across a bare table in an empty room, even daylight from a single window, medium shot, split palette of London slate grey and Indian ochre, formal cold interiors, cinematic documentary photography, 35mm film, natural light, shallow depth of field, no text, no lettering, no signage, no logos, 16:9",fadeblack,,neutral,light,tension.mp3,,दो रास्ते,आंबेडकर और गांधी... भारतीय इतिहास के दो अत्यंत प्रभावशाली नाम।,,chapter_card,chapter=भाग पाँच
456,462.5,"Two pairs of round wire-rimmed spectacles lying side by side on dark cloth, one plain steel and one heavier, even museum light, extreme close-up, detail shot, split palette of London slate grey and Indian ochre, formal cold interiors, cinematic documentary photography, 35mm film, natural light, shallow depth of field, no text, no lettering, no signage, no logos, 16:9",cut,zoom_in:1.22,neutral,light,,,,"दोनों अस्पृश्यता के खिलाफ थे। लेकिन दोनों के रास्ते, राजनीतिक रणनीतियां और सामाजिक परिवर्तन को लेकर विचार कई महत्वपूर्ण बिंदुओं पर अलग थे।",,,
462.5,466,"A large hall set with two speaking platforms at opposite ends and rows of chairs between them, empty, cold morning light, wide shot, split palette of London slate grey and Indian ochre, formal cold interiors, cinematic documentary photography, 35mm film, natural light, shallow depth of field, no text, no lettering, no signage, no logos, 16:9",cut,zoom_in:1.11,neutral,light,,,,और इस अंतर को समझे बिना आंबेडकर की राजनीति को समझना मुश्किल है।,,,
466,472.5,"A law book and a ballot box standing together on a table in a plain room, a hand resting on the book's cover, flat daylight, medium shot, split palette of London slate grey and Indian ochre, formal cold interiors, cinematic documentary photography, 35mm film, natural light, shallow depth of field, no text, no lettering, no signage, no logos, 16:9",dissolve,zoom_in:1.15,neutral,light,,,,आंबेडकर के लिए दलितों की समस्या का समाधान सिर्फ सामाजिक सुधार से नहीं हो सकता था। उन्हें राजनीतिक शक्ति भी चाहिए थी।,,,
472.5,475.5,"A long queue of voters waiting outside a 1930s Indian polling place, all seen from behind, dust and shuttered shopfronts, wide shot, split palette of London slate grey and Indian ochre, formal cold interiors, cinematic documentary photography, 35mm film, natural light, shallow depth of field, no text, no lettering, no signage, no logos, 16:9",dissolve,zoom_in:1.11,neutral,light,,,,प्रतिनिधित्व चाहिए था। अपने नेताओं को चुनने की क्षमता चाहिए थी।,,,
475.5,482,"St James's Park and the government buildings of Whitehall in winter fog, 1930, bare trees and wet pavement, distant figures in overcoats, extreme wide shot, vast scale, human figures small in frame, split palette of London slate grey and Indian ochre, formal cold interiors, cinematic documentary photography, 35mm film, natural light, shallow depth of field, no text, no lettering, no signage, no logos, 16:9",dissolve,,neutral,light,,,गोलमेज सम्मेलन,और यही सवाल 1930 के दशक की ब्रिटिश राजनीति में बहुत बड़ा मुद्दा बन गया। लंदन में Round Table Conferences हो रही थीं।,,lower_third,"sub=लंदन, १९३०–३२"
482,484,"A grand London conference room of the 1930s, a long polished table ringed with chairs, tall windows and heavy curtains, cold grey light, wide shot, split palette of London slate grey and Indian ochre, formal cold interiors, cinematic documentary photography, 35mm film, natural light, shallow depth of field, no text, no lettering, no signage, no logos, 16:9",dissolve,,neutral,light,,,गोलमेज सम्मेलन,आंबेडकर ने तीनों सम्मेलनों में भाग लिया।,,timeline,"from=1930;to=1932;marks=1930,1931,1932;highlight=1931"
484,491.5,"A place at a conference table with a folded nameplate turned away, a water glass, a stack of memoranda, cold window light, medium shot, split palette of London slate grey and Indian ochre, formal cold interiors, cinematic documentary photography, 35mm film, natural light, shallow depth of field, no text, no lettering, no signage, no logos, 16:9",dissolve,zoom_in:1.15,neutral,light,,,,वह वहां 'Depressed Classes' यानी उस समय सरकारी भाषा में इस्तेमाल होने वाले शब्द के तहत वंचित वर्गों के राजनीतिक अधिकारों की बात कर रहे थे।,,,
491.5,502.5,"Looking straight down at a conference table where a map of India lies unrolled and weighted at the corners, hands at the edges of frame, high overhead shot looking straight down, split palette of London slate grey and Indian ochre, formal cold interiors, cinematic documentary photography, 35mm film, natural light, shallow depth of field, no text, no lettering, no signage, no logos, 16:9",dissolve,zoom_out:1.18,neutral,light,,,,उनका तर्क था कि अगर सत्ता का हस्तांतरण केवल ब्रिटिश सरकार से भारतीय बहुसंख्यक राजनीतिक नेतृत्व को हो गया... लेकिन समाज के सबसे कमजोर वर्गों को वास्तविक राजनीतिक प्रतिनिधित्व नहीं मिला... तो उनके लिए स्वतंत्रता अधूरी रह जाएगी।,,,
502.5,506,"A government despatch box open on a desk with printed papers inside, brass fittings, a hand lifting the top sheet, close shot, split palette of London slate grey and Indian ochre, formal cold interiors, cinematic documentary photography, 35mm film, natural light, shallow depth of field, no text, no lettering, no signage, no logos, 16:9",cut,,neutral,light,,,Communal Award,फिर आया 1932। ब्रिटिश प्रधानमंत्री Ramsay MacDonald ने Communal Award की घोषणा की।,,lower_third,sub=१९३२
506,510.5,"A polling booth interior with two separate ballot boxes standing apart on a wooden table, a curtain half drawn, flat daylight, medium shot, split palette of London slate grey and Indian ochre, formal cold interiors, cinematic documentary photography, 35mm film, natural light, shallow depth of field, no text, no lettering, no signage, no logos, 16:9",dissolve,zoom_in:1.15,neutral,light,,,,इसमें Depressed Classes के लिए अलग निर्वाचन मंडल यानी separate electorates का प्रावधान किया गया।,,,
510.5,514,"A prison courtyard in 1932 with a low cot set out under a neem tree, a crowd of officials standing at a respectful distance, harsh light, wide shot, split palette of London slate grey and Indian ochre, formal cold interiors, cinematic documentary photography, 35mm film, natural light, shallow depth of field, no text, no lettering, no signage, no logos, 16:9",dissolve,zoom_in:1.11,neutral,light,,,,गांधी ने इसका विरोध किया। उन्होंने यरवदा जेल में आमरण अनशन शुरू किया।,,,
514,520.5,"A newspaper office at night, a compositor's hands locking a metal forme into place, urgent movement, lamplight, medium shot, split palette of London slate grey and Indian ochre, formal cold interiors, cinematic documentary photography, 35mm film, natural light, shallow depth of field, no text, no lettering, no signage, no logos, 16:9",dissolve,zoom_in:1.15,neutral,light,,,,"अब स्थिति बेहद जटिल थी। एक तरफ आंबेडकर थे, जो राजनीतिक प्रतिनिधित्व को वंचित वर्गों की सुरक्षा के लिए आवश्यक मानते थे।",,,
520.5,525.5,"A crowd waiting outside a prison gate at dusk, hundreds of backs, lanterns beginning to show, tense stillness, wide shot, split palette of London slate grey and Indian ochre, formal cold interiors, cinematic documentary photography, 35mm film, natural light, shallow depth of field, no text, no lettering, no signage, no logos, 16:9",dissolve,zoom_in:1.11,neutral,light,,,,"दूसरी तरफ गांधी थे, जो अलग निर्वाचन व्यवस्था को हिंदू समाज के विभाजन के रूप में देखते थे।",,,
525.5,530,"A small room with a table between two chairs, papers spread across it, two men leaning in from opposite sides seen only as shoulders and hands, medium shot, split palette of London slate grey and Indian ochre, formal cold interiors, cinematic documentary photography, 35mm film, natural light, shallow depth of field, no text, no lettering, no signage, no logos, 16:9",dissolve,,neutral,light,,,पूना पैक्ट,तनाव बढ़ता गया। और अंततः... 24 सितंबर 1932 को आंबेडकर और गांधी के बीच समझौता हुआ।,,lower_third,sub=२४ सितंबर १९३२
530,533,"A fountain pen being set down on a signed document, the ink still wet, two hands withdrawing, warm lamplight, extreme close-up, detail shot, split palette of London slate grey and Indian ochre, formal cold interiors, cinematic documentary photography, 35mm film, natural light, shallow depth of field, no text, no lettering, no signage, no logos, 16:9",cut,zoom_in:1.22,neutral,light,,,,इसे इतिहास में पूना पैक्ट के नाम से जाना गया।,,,
533,540,"An empty provincial legislative chamber with curved tiers of wooden benches, a portion of the seats marked with folded white cards, formal light, wide shot, split palette of London slate grey and Indian ochre, formal cold interiors, cinematic documentary photography, 35mm film, natural light, shallow depth of field, no text, no lettering, no signage, no logos, 16:9",cut,,neutral,light,,,आरक्षित सीटें,"Separate electorates की जगह आरक्षित सीटों की व्यवस्था स्वीकार की गई, जिसके तहत Depressed Classes के लिए विधानसभाओं में अधिक प्रतिनिधित्व की व्यवस्था बनी।",,bar_chart,"values=71,148;labels=Communal Award,पूना पैक्ट"
540,547.5,"Two men in white khadi photographed from behind walking away from a building in opposite directions, dust, midday glare, medium shot, split palette of London slate grey and Indian ochre, formal cold interiors, cinematic documentary photography, 35mm film, natural light, shallow depth of field, no text, no lettering, no signage, no logos, 16:9",dissolve,zoom_in:1.15,neutral,light,,,,यह समझौता भारतीय राजनीति के इतिहास में एक निर्णायक मोड़ था। लेकिन इसका अर्थ यह नहीं था कि गांधी और आंबेडकर की सारी असहमति खत्म हो गई।,,,
547.5,552.5,"Two open books lying side by side on a dark desk, warm lamplight falling between them, pages out of focus, close shot, split palette of London slate grey and Indian ochre, formal cold interiors, cinematic documentary photography, 35mm film, natural light, shallow depth of field, no text, no lettering, no signage, no logos, 16:9",dissolve,zoom_out:1.16,neutral,light,,,,"उनके बीच जाति, हिंदू समाज, सामाजिक सुधार, राजनीतिक प्रतिनिधित्व और राष्ट्र की कल्पना को लेकर मतभेद बने रहे।",,,
552.5,559.5,"A single road forking around a large rock on an open Indian plain, both branches running to the same distant horizon, evening light, wide shot, split palette of London slate grey and Indian ochre, formal cold interiors, cinematic documentary photography, 35mm film, natural light, shallow depth of field, no text, no lettering, no signage, no logos, 16:9",cut,zoom_in:1.11,neutral,light,,,,और यही इस कहानी को दिलचस्प बनाता है। क्योंकि इतिहास हमेशा दो लोगों की कहानी नहीं होता जिसमें एक सही और दूसरा गलत हो।,,,
559.5,564.5,"A single road forking around a large rock on an open Indian plain seen from the other side, both branches visible, evening light, wide shot, split palette of London slate grey and Indian ochre, formal cold interiors, cinematic documentary photography, 35mm film, natural light, shallow depth of field, no text, no lettering, no signage, no logos, 16:9",dissolve:0.7,,neutral,light,,,,कई बार... दो लोग एक ही समस्या को देखते हैं। लेकिन उसके समाधान के रास्ते अलग-अलग चुनते हैं।,,split_compare,second=103;label_a=एक ही समस्या;label_b=अलग रास्ते
564.5,572,"A village assembly seated in a circle at dusk, one figure standing at the centre seen from behind, lanterns being lit, medium shot, split palette of London slate grey and Indian ochre, formal cold interiors, cinematic documentary photography, 35mm film, natural light, shallow depth of field, no text, no lettering, no signage, no logos, 16:9",dissolve,zoom_in:1.15,neutral,light,,,,"आंबेडकर का सवाल लगातार यही था— जिस समाज में किसी व्यक्ति को जन्म के कारण नीचा माना जाता है, वह समाज सिर्फ नैतिक अपील से कितना बदलेगा?",,,
572,577.5,"A gavel resting on a closed law book beside a small clay lamp, deep shadow, single warm light source, extreme close-up, detail shot, split palette of London slate grey and Indian ochre, formal cold interiors, cinematic documentary photography, 35mm film, natural light, shallow depth of field, no text, no lettering, no signage, no logos, 16:9",cut,zoom_in:1.22,neutral,light,,,,"और अगर समाज नहीं बदलता... तो क्या कानून, राजनीतिक प्रतिनिधित्व और संवैधानिक अधिकार उस बदलाव का रास्ता बन सकते हैं?",,,
577.5,585.5,"A drafting room at night with a long table of papers and empty chairs, one lamp still burning at the far end, wide shot, split palette of London slate grey and Indian ochre, formal cold interiors, cinematic documentary photography, 35mm film, natural light, shallow depth of field, no text, no lettering, no signage, no logos, 16:9",cut,zoom_in:1.11,neutral,light,,,,आने वाले वर्षों में आंबेडकर का जवाब भारतीय संविधान के भीतर दिखाई देने वाला था। लेकिन उससे पहले... उन्हें भारतीय समाज के सामने एक और चुनौती रखनी थी।,,,
585.5,592.5,"A stack of freshly printed pamphlets tied with string on a printer's table, ink smell implied, hard side light, close shot, split palette of London slate grey and Indian ochre, formal cold interiors, cinematic documentary photography, 35mm film, natural light, shallow depth of field, no text, no lettering, no signage, no logos, 16:9",cut,,neutral,light,,,Annihilation of Caste,एक चुनौती... जो सिर्फ जाति की आलोचना नहीं थी। बल्कि जाति की पूरी संरचना को समझने की कोशिश थी। उसका नाम था— Annihilation of Caste.,,title_reveal,size=0.068
592.5,594.5,"Lahore in 1936 seen from a rooftop at dusk, flat roofs and minarets receding into haze, kites in the distance, extreme wide shot, vast scale, human figures small in frame, high contrast lamplight palette, deep black, ink on paper, single light source, cinematic documentary photography, 35mm film, natural light, shallow depth of field, no text, no lettering, no signage, no logos, 16:9",fadeblack,,noir,medium,tension.mp3,,जाति का विनाश,1936। लाहौर।,,chapter_card,chapter=१९३६ · लाहौर
594.5,600,"A modest reform society meeting hall with rows of folding chairs being arranged, a table and microphone at the front, volunteers working, faces turned away, wide shot, high contrast lamplight palette, deep black, ink on paper, single light source, cinematic documentary photography, 35mm film, natural light, shallow depth of field, no text, no lettering, no signage, no logos, 16:9",dissolve,zoom_in:1.11,noir,medium,,,,एक सामाजिक सुधार संगठन ने आंबेडकर को भाषण देने के लिए आमंत्रित किया। विषय था— जाति व्यवस्था का सुधार।,,,
600,602,"A hand writing rapidly in ink across ruled foolscap by lamplight, sheets already covered stacked beside it, words not legible, close shot, high contrast lamplight palette, deep black, ink on paper, single light source, cinematic documentary photography, 35mm film, natural light, shallow depth of field, no text, no lettering, no signage, no logos, 16:9",cut,zoom_out:1.16,noir,medium,,,,आंबेडकर ने भाषण लिखा।,,,
602,607.5,"Three men seated around a table reading the same typed manuscript, heads bent, expressions hidden, harsh overhead light, medium shot, high contrast lamplight palette, deep black, ink on paper, single light source, cinematic documentary photography, 35mm film, natural light, shallow depth of field, no text, no lettering, no signage, no logos, 16:9",dissolve,zoom_in:1.15,noir,medium,,,,लेकिन जब आयोजकों ने भाषण की सामग्री देखी... उन्हें लगा कि यह उनकी अपेक्षा से कहीं अधिक तीखा है।,,,
607.5,610.5,"A typed letter being folded and placed into an envelope, a hand pressing the flap closed, single hard light source, extreme close-up, detail shot, high contrast lamplight palette, deep black, ink on paper, single light source, cinematic documentary photography, 35mm film, natural light, shallow depth of field, no text, no lettering, no signage, no logos, 16:9",cut,zoom_in:1.22,noir,medium,,,,आंबेडकर पीछे नहीं हटे। आखिरकार निमंत्रण वापस ले लिया गया।,,,
610.5,616,"A freshly bound book lying closed on a dark table under one lamp, plain cloth cover with no lettering, deep black around it, close shot, high contrast lamplight palette, deep black, ink on paper, single light source, cinematic documentary photography, 35mm film, natural light, shallow depth of field, no text, no lettering, no signage, no logos, 16:9",dissolve,,noir,medium,,,जाति का विनाश,लेकिन भाषण रुका नहीं। आंबेडकर ने उसे प्रकाशित किया। नाम था— Annihilation of Caste. हिंदी में— जाति का विनाश।,,title_reveal,size=0.075
616,620.5,"A printing plate under raking light, the type standing in deep relief, ink catching the edges, extreme close-up, detail shot, high contrast lamplight palette, deep black, ink on paper, single light source, cinematic documentary photography, 35mm film, natural light, shallow depth of field, no text, no lettering, no signage, no logos, 16:9",dissolve,zoom_in:1.22,noir,medium,,,,यह सिर्फ एक भाषण नहीं था। यह जाति व्यवस्था की बुनियाद पर एक वैचारिक हमला था।,,,
620.5,629,"A masonry wall being examined by lamplight, one hand resting on a low foundation stone, the courses above disappearing into darkness, medium shot, high contrast lamplight palette, deep black, ink on paper, single light source, cinematic documentary photography, 35mm film, natural light, shallow depth of field, no text, no lettering, no signage, no logos, 16:9",cut,zoom_in:1.15,noir,medium,,,,"आंबेडकर का प्रश्न था— अगर समाज को वास्तव में बराबरी पर आधारित बनाना है, तो केवल अस्पृश्यता हटाने की बात क्यों? जाति की पूरी व्यवस्था पर सवाल क्यों नहीं?",,,
629,636.5,"A steep flight of stone steps in deep shadow lit by one lamp at the base, the upper steps invisible, nobody on them, wide shot, high contrast lamplight palette, deep black, ink on paper, single light source, cinematic documentary photography, 35mm film, natural light, shallow depth of field, no text, no lettering, no signage, no logos, 16:9",dissolve,zoom_in:1.11,noir,medium,,,,"उनका तर्क था कि अगर जन्म के आधार पर सामाजिक श्रेणियां बनी रहेंगी, तो केवल ऊपरी स्तर पर सुधार असमानता को पूरी तरह खत्म नहीं कर पाएगा।",,,
636.5,647,"Looking straight down at a set of nested wooden boxes arranged largest to smallest on dark cloth, single hard light, high overhead shot looking straight down, high contrast lamplight palette, deep black, ink on paper, single light source, cinematic documentary photography, 35mm film, natural light, shallow depth of field, no text, no lettering, no signage, no logos, 16:9",dissolve:0.7,zoom_out:1.18,noir,medium,,,,उन्होंने जाति को केवल एक सामाजिक बुराई के रूप में नहीं देखा। उन्होंने उसे सामाजिक संगठन की एक ऐसी प्रणाली के रूप में देखा जो लोगों को जन्म के आधार पर अलग-अलग दर्जों में बांटती है।,,,
647,651.5,"A chisel and hammer set against the base of a stone block, single light source, dust on the blade, extreme close-up, detail shot, high contrast lamplight palette, deep black, ink on paper, single light source, cinematic documentary photography, 35mm film, natural light, shallow depth of field, no text, no lettering, no signage, no logos, 16:9",cut,zoom_in:1.22,noir,medium,,,,और इसी कारण उन्होंने केवल छुआछूत खत्म करने के बजाय जाति के विनाश की बात की।,,,
651.5,658,"Two newspapers lying open on a table beneath one lamp, columns dense and unreadable, deep shadow beyond, medium shot, high contrast lamplight palette, deep black, ink on paper, single light source, cinematic documentary photography, 35mm film, natural light, shallow depth of field, no text, no lettering, no signage, no logos, 16:9",cut,zoom_in:1.15,noir,medium,,,,इस पुस्तक ने एक और विवाद को जन्म दिया। महात्मा गांधी ने इसके कुछ तर्कों की आलोचना की। आंबेडकर ने जवाब दिया।,,,
658,661.5,"A small lecture room at night with two lecterns facing each other and empty chairs between, one lamp burning, wide shot, high contrast lamplight palette, deep black, ink on paper, single light source, cinematic documentary photography, 35mm film, natural light, shallow depth of field, no text, no lettering, no signage, no logos, 16:9",dissolve,zoom_in:1.11,noir,medium,,,,यह बहस भारतीय सामाजिक चिंतन के इतिहास में बहुत महत्वपूर्ण बन गई।,,,
661.5,670.5,"A packed public hall seen from behind the last row, every seat taken, a single shaft of light falling on the platform, wide shot, high contrast lamplight palette, deep black, ink on paper, single light source, cinematic documentary photography, 35mm film, natural light, shallow depth of field, no text, no lettering, no signage, no logos, 16:9",dissolve:0.7,zoom_in:1.11,noir,medium,,,,लेकिन यहां एक बात ध्यान देने लायक है। आंबेडकर का संघर्ष केवल हिंदू समाज की आलोचना तक सीमित नहीं था। वह यह भी पूछ रहे थे— भारत में लोकतंत्र कैसे काम करेगा?,,,
670.5,677.5,"A line of people waiting at a polling table, identical ballot slips in each hand, hard lamplight, all seen from behind, medium shot, high contrast lamplight palette, deep black, ink on paper, single light source, cinematic documentary photography, 35mm film, natural light, shallow depth of field, no text, no lettering, no signage, no logos, 16:9",dissolve,zoom_in:1.15,noir,medium,,,,क्योंकि लोकतंत्र केवल वोट डालने का नाम नहीं। अगर समाज में कुछ लोग जन्म से ऊंचे और कुछ जन्म से नीचे माने जाते हैं...,,,
677.5,682,"Two identical ballot slips lying side by side on a table, one weighted down by a heavy stone, single hard light, extreme close-up, detail shot, high contrast lamplight palette, deep black, ink on paper, single light source, cinematic documentary photography, 35mm film, natural light, shallow depth of field, no text, no lettering, no signage, no logos, 16:9",cut,,noir,medium,,,"एक व्यक्ति, एक वोट",तो एक व्यक्ति का वोट बराबर होने के बावजूद उसकी सामाजिक स्थिति बराबर नहीं होती।,,vox_stat,
682,685.5,"A brass balance scale on a dark table with one pan held down by an unseen weight, single lamp, deep shadow, medium shot, high contrast lamplight palette, deep black, ink on paper, single light source, cinematic documentary photography, 35mm film, natural light, shallow depth of field, no text, no lettering, no signage, no logos, 16:9",cut,,noir,medium,,,Social Democracy,यही अंतर आगे चलकर उनकी 'social democracy' की अवधारणा में दिखाई देगा।,,lower_third,"sub=राजनीतिक नहीं, सामाजिक लोकतंत्र"
685.5,693.5,"A vast dark landscape before dawn with one distant lamp burning in a doorway, sky beginning to lighten at the edge, extreme wide shot, vast scale, human figures small in frame, high contrast lamplight palette, deep black, ink on paper, single light source, cinematic documentary photography, 35mm film, natural light, shallow depth of field, no text, no lettering, no signage, no logos, 16:9",cut,pan_left,noir,medium,,,,और इसीलिए आंबेडकर के लिए राजनीतिक स्वतंत्रता अपने आप में अंतिम लक्ष्य नहीं थी। वह पूछ रहे थे— क्या स्वतंत्र भारत सामाजिक रूप से भी स्वतंत्र भारत होगा?,,,
693.5,698.5,"A public library reading room with a long shelf of bound legal volumes, one reader at a distant table, warm light through high windows, wide shot, industrial palette, soot and brass, mill light through high windows, cinematic documentary photography, 35mm film, natural light, shallow depth of field, no text, no lettering, no signage, no logos, 16:9",fadeblack,,warm,medium,warm.mp3,,अर्थशास्त्री,आंबेडकर को अक्सर सिर्फ संविधान निर्माता या दलित अधिकारों के नेता के रूप में याद किया जाता है।,,chapter_card,chapter=भाग सात
698.5,702,"Looking straight down at a desk covered in statistical tables, a slide rule, an inkwell and a folded railway map of India, brass lamp at the edge, high overhead shot looking straight down, industrial palette, soot and brass, mill light through high windows, cinematic documentary photography, 35mm film, natural light, shallow depth of field, no text, no lettering, no signage, no logos, 16:9",dissolve:0.7,zoom_out:1.18,warm,medium,,,,लेकिन उनके बौद्धिक काम का एक बहुत बड़ा हिस्सा अर्थशास्त्र से जुड़ा था।,,,
702,707,"A column of handwritten revenue figures in a bound ledger, ink and blotting paper, brass lamp, numbers soft and unreadable, extreme close-up, detail shot, industrial palette, soot and brass, mill light through high windows, cinematic documentary photography, 35mm film, natural light, shallow depth of field, no text, no lettering, no signage, no logos, 16:9",cut,zoom_in:1.22,warm,medium,,,,उन्होंने भारत की वित्तीय व्यवस्था पर अध्ययन किया। प्रांतीय वित्त पर शोध किया। मुद्रा व्यवस्था पर लिखा।,,,
707,710.5,"A row of Indian silver rupees standing on edge on dark cloth, one fallen, hard raking light, close shot, industrial palette, soot and brass, mill light through high windows, cinematic documentary photography, 35mm film, natural light, shallow depth of field, no text, no lettering, no signage, no logos, 16:9",dissolve,,warm,medium,,,The Problem of the Rupee,'The Problem of the Rupee' उनके आर्थिक चिंतन का महत्वपूर्ण उदाहरण है।,,lower_third,sub=मुद्रा और औपनिवेशिक वित्त
710.5,718.5,"A 1930s Indian industrial river valley at dawn, mill chimneys and irrigation channels, fields beyond, smoke lying flat in the cold air, extreme wide shot, vast scale, human figures small in frame, industrial palette, soot and brass, mill light through high windows, cinematic documentary photography, 35mm film, natural light, shallow depth of field, no text, no lettering, no signage, no logos, 16:9",cut,pan_right,warm,medium,,,,"लेकिन उनके आर्थिक विचार सिर्फ किताबों तक सीमित नहीं थे। वे कृषि, औद्योगिकीकरण, श्रम, जल संसाधन, राज्य की भूमिका और आर्थिक लोकतंत्र जैसे विषयों पर भी सोचते थे।",,,
718.5,724,"A tenement doorway in a 1930s Bombay mill district, washing strung above, children's feet on the step, hard morning light, medium shot, industrial palette, soot and brass, mill light through high windows, cinematic documentary photography, 35mm film, natural light, shallow depth of field, no text, no lettering, no signage, no logos, 16:9",cut,zoom_in:1.15,warm,medium,,,,उनके लिए गरीबी सिर्फ व्यक्तिगत असफलता का परिणाम नहीं थी। वह सामाजिक और आर्थिक संरचनाओं से भी जुड़ी थी।,,,
724,729.5,"The floor of a 1930s cotton mill, rows of spinning frames, workers between them seen from behind, cotton dust hanging in the light, wide shot, industrial palette, soot and brass, mill light through high windows, cinematic documentary photography, 35mm film, natural light, shallow depth of field, no text, no lettering, no signage, no logos, 16:9",dissolve,zoom_in:1.11,warm,medium,,,,"इसीलिए उन्होंने मजदूरों के अधिकारों, काम के घंटे, सामाजिक सुरक्षा और आर्थिक अवसरों जैसे मुद्दों पर भी बात की।",,,
729.5,732.5,"A trade union office of the 1930s, a table with a cash box and a membership ledger, two men standing at it seen from behind, medium shot, industrial palette, soot and brass, mill light through high windows, cinematic documentary photography, 35mm film, natural light, shallow depth of field, no text, no lettering, no signage, no logos, 16:9",dissolve,,warm,medium,,,Independent Labour Party,1930 के दशक में उन्होंने Independent Labour Party का गठन किया।,,lower_third,"sub=स्थापना, १९३६"
732.5,735.5,"A 1930s Bombay legislative chamber, curved tiers of wooden benches and a central podium, half the seats occupied, tall windows, wide shot, industrial palette, soot and brass, mill light through high windows, cinematic documentary photography, 35mm film, natural light, shallow depth of field, no text, no lettering, no signage, no logos, 16:9",dissolve,zoom_in:1.11,warm,medium,,,,उन्होंने चुनाव लड़ा। और बॉम्बे विधान सभा के सदस्य बने।,,,
735.5,741,"A speaker's dispatch box on a legislature bench with papers stacked on it, hands resting on either side, formal daylight, medium shot, industrial palette, soot and brass, mill light through high windows, cinematic documentary photography, 35mm film, natural light, shallow depth of field, no text, no lettering, no signage, no logos, 16:9",dissolve,zoom_in:1.15,warm,medium,,,,यहां उनकी राजनीति का एक और रूप सामने आया। अब वह केवल अस्पृश्यता के खिलाफ आंदोलन नहीं कर रहे थे।,,,
741,746.5,"A vast worked field in western India at harvest, dozens of bent figures spread across it, a bullock cart on the track, low golden light, extreme wide shot, vast scale, human figures small in frame, industrial palette, soot and brass, mill light through high windows, cinematic documentary photography, 35mm film, natural light, shallow depth of field, no text, no lettering, no signage, no logos, 16:9",cut,pan_left,warm,medium,,,,"वह मजदूरों, किसानों और आर्थिक रूप से कमजोर लोगों के मुद्दों को भी राजनीतिक मंच पर उठा रहे थे।",,,
746.5,751.5,"A worker's hands holding a wooden tool worn smooth by use, cracked skin, hard side light, extreme close-up, detail shot, industrial palette, soot and brass, mill light through high windows, cinematic documentary photography, 35mm film, natural light, shallow depth of field, no text, no lettering, no signage, no logos, 16:9",cut,zoom_in:1.22,warm,medium,,,,"जमींदारी और भूमि संबंधी व्यवस्था, श्रमिक अधिकार, हड़ताल का अधिकार... ये सब उनके राजनीतिक एजेंडे का हिस्सा बने।",,,
751.5,758.5,"A crowd of mill workers pouring out of a factory gate at the end of a shift, seen from above and behind, cloth caps and lunch tins, wide shot, industrial palette, soot and brass, mill light through high windows, cinematic documentary photography, 35mm film, natural light, shallow depth of field, no text, no lettering, no signage, no logos, 16:9",cut,zoom_in:1.11,warm,medium,,,,इससे एक बात स्पष्ट होती है— आंबेडकर की राजनीति को केवल जाति के एक मुद्दे तक सीमित करना उनके काम को अधूरा समझना होगा।,,,
758.5,764.5,"An open doorway at the end of a dark corridor with strong daylight beyond, a single figure walking towards it seen from behind, medium shot, industrial palette, soot and brass, mill light through high windows, cinematic documentary photography, 35mm film, natural light, shallow depth of field, no text, no lettering, no signage, no logos, 16:9",dissolve,zoom_in:1.15,warm,medium,,,,उनकी मूल चिंता थी— मनुष्य की स्वतंत्रता। और उस स्वतंत्रता के लिए सामाजिक समानता के साथ आर्थिक अवसर भी जरूरी थे।,,,
764.5,767.5,"A blacked-out European city skyline in 1939 under searchlights, barrage balloons above the rooftops, cold night, extreme wide shot, vast scale, human figures small in frame, desaturated wartime palette, khaki, blackout blue, map-table green, cinematic documentary photography, 35mm film, natural light, shallow depth of field, no text, no lettering, no signage, no logos, 16:9",fadeblack,,cold,medium,tension.mp3,,युद्ध और सत्ता,1939। द्वितीय विश्व युद्ध शुरू हुआ। दुनिया बदल रही थी।,,chapter_card,chapter=१९३९
767.5,771,"A wartime map room with a large table map of Europe, weighted markers and rulers, officers seen from behind, green shaded lamps, wide shot, desaturated wartime palette, khaki, blackout blue, map-table green, cinematic documentary photography, 35mm film, natural light, shallow depth of field, no text, no lettering, no signage, no logos, 16:9",dissolve,zoom_in:1.11,cold,medium,,,,यूरोप युद्ध में जा चुका था। भारत ब्रिटिश साम्राज्य का हिस्सा था।,,,
771,778,"A colonial secretariat corridor in Delhi, rows of identical doors, a peon carrying a file seen from behind, flat institutional light, medium shot, desaturated wartime palette, khaki, blackout blue, map-table green, cinematic documentary photography, 35mm film, natural light, shallow depth of field, no text, no lettering, no signage, no logos, 16:9",dissolve,zoom_in:1.15,cold,medium,,,,और आंबेडकर की राजनीति भी एक नए चरण में प्रवेश कर रही थी। उन्होंने कई मुद्दों पर कांग्रेस की राजनीति से अलग रुख अपनाया।,,,
778,783.5,"Looking straight down at a table where a memorandum, a fountain pen and a pair of spectacles lie beside a folded map of India, high overhead shot looking straight down, desaturated wartime palette, khaki, blackout blue, map-table green, cinematic documentary photography, 35mm film, natural light, shallow depth of field, no text, no lettering, no signage, no logos, 16:9",dissolve,zoom_out:1.18,cold,medium,,,,उनकी चिंता यह थी कि स्वतंत्र भारत की राजनीतिक व्यवस्था में वंचित वर्गों की वास्तविक भागीदारी कैसे सुनिश्चित होगी।,,,
783.5,786.5,"A viceregal council chamber in 1942, a long table with high-backed chairs beneath a coffered ceiling, papers set at each place, nobody seated, wide shot, desaturated wartime palette, khaki, blackout blue, map-table green, cinematic documentary photography, 35mm film, natural light, shallow depth of field, no text, no lettering, no signage, no logos, 16:9",dissolve:0.7,,cold,medium,,,Viceroy's Executive Council,1942 में उन्हें Viceroy's Executive Council में Labour Member बनाया गया।,,lower_third,"sub=Labour Member, १९४२"
786.5,793.5,"A heavy ministerial door with a brass plate scrubbed blank, a bearer standing beside it seen from behind, polished stone floor, medium shot, desaturated wartime palette, khaki, blackout blue, map-table green, cinematic documentary photography, 35mm film, natural light, shallow depth of field, no text, no lettering, no signage, no logos, 16:9",dissolve,zoom_in:1.15,cold,medium,,,,"अब वह उस औपनिवेशिक सरकार के सबसे महत्वपूर्ण प्रशासनिक संस्थानों में से एक का हिस्सा थे, जिसका विरोध भारत का राष्ट्रीय आंदोलन कर रहा था।",,,
793.5,801.5,"Two telephones and a bell push on an official desk, one receiver off its cradle, hard side light, close shot, desaturated wartime palette, khaki, blackout blue, map-table green, cinematic documentary photography, 35mm film, natural light, shallow depth of field, no text, no lettering, no signage, no logos, 16:9",dissolve,zoom_out:1.16,cold,medium,,,,यह स्थिति सरल नहीं थी। लेकिन आंबेडकर की राजनीति को सिर्फ 'ब्रिटिश समर्थक' या 'ब्रिटिश विरोधी' जैसे दो शब्दों में समझना इतिहास को बहुत सरल बना देना होगा।,,,
801.5,807.5,"A labour welfare office with a queue of workers waiting on benches along the wall, a clerk at a desk, all faces turned away, wide shot, desaturated wartime palette, khaki, blackout blue, map-table green, cinematic documentary photography, 35mm film, natural light, shallow depth of field, no text, no lettering, no signage, no logos, 16:9",cut,zoom_in:1.11,cold,medium,,,,वह सत्ता के भीतर रहकर भी श्रमिकों और सामाजिक रूप से वंचित वर्गों से जुड़े मुद्दों पर काम कर रहे थे।,,,
807.5,811,"Looking straight down at a desk of draft labour regulations, a rubber stamp, an ink pad and a stack of files tied with red tape, high overhead shot looking straight down, desaturated wartime palette, khaki, blackout blue, map-table green, cinematic documentary photography, 35mm film, natural light, shallow depth of field, no text, no lettering, no signage, no logos, 16:9",dissolve:0.7,zoom_out:1.18,cold,medium,,,,"उनका ध्यान श्रम नीति, काम की परिस्थितियों, कल्याण और प्रशासनिक सुधारों पर था।",,,
811,814,"A troopship dock at the end of the war, crowds and crates, cranes above, grey overcast light, extreme wide shot, vast scale, human figures small in frame, desaturated wartime palette, khaki, blackout blue, map-table green, cinematic documentary photography, 35mm film, natural light, shallow depth of field, no text, no lettering, no signage, no logos, 16:9",dissolve,pan_left,cold,medium,,,,युद्ध समाप्त हुआ। भारत में सत्ता हस्तांतरण की चर्चा तेज हुई।,,,
814,819,"A packed public meeting in 1946 India, a raised platform and a microphone, the crowd seen from behind the platform, white caps everywhere, wide shot, desaturated wartime palette, khaki, blackout blue, map-table green, cinematic documentary photography, 35mm film, natural light, shallow depth of field, no text, no lettering, no signage, no logos, 16:9",dissolve,zoom_in:1.11,cold,medium,,,,अब सवाल था— स्वतंत्र भारत कैसा होगा? कौन शासन करेगा? अल्पसंख्यकों और वंचित समुदायों की सुरक्षा कैसे होगी?,,,
819,824.5,"A printing press turning out newspapers at speed, a worker lifting a bundle, motion blur, warm lamp against grey daylight, medium shot, desaturated wartime palette, khaki, blackout blue, map-table green, cinematic documentary photography, 35mm film, natural light, shallow depth of field, no text, no lettering, no signage, no logos, 16:9",dissolve,zoom_in:1.15,cold,medium,,,,और सबसे महत्वपूर्ण... क्या नया भारत केवल राजनीतिक रूप से स्वतंत्र होगा? या सामाजिक लोकतंत्र की ओर भी बढ़ेगा?,,,
824.5,827,"The circular chamber of the Constituent Assembly in 1946, tiered desks under a high dome, members taking their places, dust in the shafts of light, wide shot, desaturated wartime palette, khaki, blackout blue, map-table green, cinematic documentary photography, 35mm film, natural light, shallow depth of field, no text, no lettering, no signage, no logos, 16:9",dissolve,,cold,medium,,,संविधान सभा,1946 में Constituent Assembly की प्रक्रिया शुरू हुई।,,lower_third,"sub=प्रक्रिया आरंभ, १९४६"
827,835.5,"A nameplate slot on a chamber desk, empty, brass and polished wood, shallow focus, extreme close-up, detail shot, desaturated wartime palette, khaki, blackout blue, map-table green, cinematic documentary photography, 35mm film, natural light, shallow depth of field, no text, no lettering, no signage, no logos, 16:9",cut,zoom_in:1.22,cold,medium,,,,आंबेडकर को शुरुआत में बंगाल से संविधान सभा में स्थान मिला। लेकिन विभाजन के बाद वह सीट चली गई। फिर उन्हें बॉम्बे प्रांत से संविधान सभा में भेजा गया।,,,
835.5,846.5,"An empty seat in a tiered assembly chamber with a stack of papers on its desk, the surrounding seats occupied, shafts of light from above, medium shot, desaturated wartime palette, khaki, blackout blue, map-table green, cinematic documentary photography, 35mm film, natural light, shallow depth of field, no text, no lettering, no signage, no logos, 16:9",cut,zoom_in:1.15,cold,medium,,,,अब वह उस संस्था के भीतर थे जो भारत के भविष्य की राजनीतिक संरचना तय करने वाली थी। और जल्द ही... उन्हें एक ऐसी जिम्मेदारी मिलने वाली थी जिसने इतिहास में उनका नाम हमेशा के लिए दर्ज कर दिया।,,,
846.5,848.5,"A vast crowd filling a Delhi avenue at dawn on 15 August 1947, flags without emblems, first light on the buildings, seen from high above, extreme wide shot, vast scale, human figures small in frame, bright optimistic palette, fresh white paper, warm morning light, flag colours muted, cinematic documentary photography, 35mm film, natural light, shallow depth of field, no text, no lettering, no signage, no logos, 16:9",fadeblack,,warm,light,hopeful.mp3,,स्वतंत्रता,15 अगस्त 1947। भारत स्वतंत्र हुआ।,,chapter_card,chapter=१५ अगस्त १९४७
848.5,850.5,"An empty flagpole seen from ground level against a brightening sky, the halyard moving in the wind, low angle shot from ground level, bright optimistic palette, fresh white paper, warm morning light, flag colours muted, cinematic documentary photography, 35mm film, natural light, shallow depth of field, no text, no lettering, no signage, no logos, 16:9",cut,zoom_in:1.13,warm,light,,,,सदियों के औपनिवेशिक शासन का अंत हुआ।,,,
850.5,858,"A government building at sunrise with every window lit, people gathering on the steps below seen from behind, long shadows, wide shot, bright optimistic palette, fresh white paper, warm morning light, flag colours muted, cinematic documentary photography, 35mm film, natural light, shallow depth of field, no text, no lettering, no signage, no logos, 16:9",dissolve,zoom_in:1.11,warm,light,,,,लेकिन स्वतंत्रता के साथ एक नई जिम्मेदारी भी आई। अब देश को चलाने के लिए नई संस्थाएं चाहिए थीं। नया कानून चाहिए था। नया संविधान चाहिए था।,,,
858,861,"A ministerial office on its first morning, bare desk, one chair, a stack of blank foolscap and an inkwell, window light, medium shot, bright optimistic palette, fresh white paper, warm morning light, flag colours muted, cinematic documentary photography, 35mm film, natural light, shallow depth of field, no text, no lettering, no signage, no logos, 16:9",dissolve,,warm,light,,,पहले कानून मंत्री,और इसी स्वतंत्र भारत में भीमराव आंबेडकर बने— पहले कानून मंत्री।,,lower_third,sub=स्वतंत्र भारत
861,871.5,"A pair of hands opening the first page of a blank bound register on a desk, morning light across the paper, close shot, bright optimistic palette, fresh white paper, warm morning light, flag colours muted, cinematic documentary photography, 35mm film, natural light, shallow depth of field, no text, no lettering, no signage, no logos, 16:9",dissolve,zoom_out:1.16,warm,light,,,,"यह एक महत्वपूर्ण क्षण था। क्योंकि जिस व्यक्ति ने जीवन का बड़ा हिस्सा सामाजिक भेदभाव और असमानता के खिलाफ संघर्ष में बिताया था, अब वह स्वतंत्र भारत की सरकार के कानून निर्माण के केंद्र में था।",,,
871.5,876.5,"A committee room with seven chairs drawn up to a round table, papers set at each place, warm morning light through tall windows, wide shot, bright optimistic palette, fresh white paper, warm morning light, flag colours muted, cinematic documentary photography, 35mm film, natural light, shallow depth of field, no text, no lettering, no signage, no logos, 16:9",cut,,warm,light,,,प्रारूप समिति,उधर Constituent Assembly संविधान पर काम कर रही थी। 29 अगस्त 1947 को Drafting Committee बनाई गई।,,lower_third,sub=२९ अगस्त १९४७
876.5,878.5,"A chairman's seat at a committee table, slightly larger than the rest, a gavel and a water glass before it, nobody seated, medium shot, bright optimistic palette, fresh white paper, warm morning light, flag colours muted, cinematic documentary photography, 35mm film, natural light, shallow depth of field, no text, no lettering, no signage, no logos, 16:9",dissolve,zoom_in:1.15,warm,light,,,,और आंबेडकर इसके अध्यक्ष चुने गए।,,,
878.5,886.5,"Looking straight down at a table strewn with draft articles, marginal corrections in red ink, several hands working at the edges, high overhead shot looking straight down, bright optimistic palette, fresh white paper, warm morning light, flag colours muted, cinematic documentary photography, 35mm film, natural light, shallow depth of field, no text, no lettering, no signage, no logos, 16:9",dissolve,zoom_out:1.18,warm,light,,,,"अब उनका काम था— विभिन्न समितियों, प्रस्तावों, बहसों और संवैधानिक सिद्धांतों को एक ऐसे कानूनी दस्तावेज में बदलना जिसे एक विशाल, विविध और विभाजित देश स्वीकार कर सके।",,,
886.5,892,"A drafting office at night, a dozen desks all occupied, lamps burning over each, everyone seen from behind, wide shot, bright optimistic palette, fresh white paper, warm morning light, flag colours muted, cinematic documentary photography, 35mm film, natural light, shallow depth of field, no text, no lettering, no signage, no logos, 16:9",dissolve:0.7,zoom_in:1.11,warm,light,,,,लेकिन यहां एक महत्वपूर्ण तथ्य है। आंबेडकर को 'संविधान का अकेला लेखक' कहना इतिहास को अत्यधिक सरल बनाना होगा।,,,
892,896,"The Constituent Assembly chamber full to capacity, hundreds of members at tiered desks beneath the dome, seen from the gallery, extreme wide shot, vast scale, human figures small in frame, bright optimistic palette, fresh white paper, warm morning light, flag colours muted, cinematic documentary photography, 35mm film, natural light, shallow depth of field, no text, no lettering, no signage, no logos, 16:9",dissolve,,warm,light,,,२९९,संविधान एक सामूहिक प्रक्रिया थी। Constituent Assembly में सैकड़ों सदस्य थे। अलग-अलग समितियां थीं।,,stat_counter,to=299;label=संविधान सभा के सदस्य
896,904,"Three desks side by side stacked with different bundles of draft papers, three pairs of hands working, even daylight, medium shot, bright optimistic palette, fresh white paper, warm morning light, flag colours muted, cinematic documentary photography, 35mm film, natural light, shallow depth of field, no text, no lettering, no signage, no logos, 16:9",cut,zoom_in:1.15,warm,light,,,,Constitutional Adviser बी. एन. राऊ का महत्वपूर्ण काम था। Chief Draftsman एस. एन. मुखर्जी और उनकी टीम ने कानूनी भाषा को अंतिम रूप देने में महत्वपूर्ण भूमिका निभाई।,,,
904,911,"A page of typed draft text heavily marked with pencil corrections, the words blurred beyond reading, raking light, extreme close-up, detail shot, bright optimistic palette, fresh white paper, warm morning light, flag colours muted, cinematic documentary photography, 35mm film, natural light, shallow depth of field, no text, no lettering, no signage, no logos, 16:9",cut,zoom_in:1.22,warm,light,,,,और स्वयं आंबेडकर ने 25 नवंबर 1949 को अपने भाषण में Drafting Committee को मिले श्रेय को कई अन्य लोगों के साथ साझा किया था।,,,
911,918,"A speaker's lectern in a full assembly chamber seen from the rear benches, members turned towards it, shafts of light from the dome, wide shot, bright optimistic palette, fresh white paper, warm morning light, flag colours muted, cinematic documentary photography, 35mm film, natural light, shallow depth of field, no text, no lettering, no signage, no logos, 16:9",cut,zoom_in:1.11,warm,light,,,,लेकिन इसका अर्थ यह भी नहीं कि आंबेडकर का योगदान मामूली था। वह Drafting Committee के अध्यक्ष थे। उन्होंने Assembly में मसौदे का बचाव किया।,,,
918,923.5,"A stenographer's desk in an assembly chamber, shorthand pad and pencils, hands mid-stroke, flat light, medium shot, bright optimistic palette, fresh white paper, warm morning light, flag colours muted, cinematic documentary photography, 35mm film, natural light, shallow depth of field, no text, no lettering, no signage, no logos, 16:9",dissolve,zoom_in:1.15,warm,light,,,,प्रावधानों पर सवालों के जवाब दिए। और विभिन्न विचारों के बीच कानूनी तथा राजनीतिक संतुलन बनाने में महत्वपूर्ण भूमिका निभाई।,,,
923.5,928.5,"A refugee column crossing open country in 1947, carts and bundles stretching to the horizon, dust and hard afternoon light, extreme wide shot, vast scale, human figures small in frame, bright optimistic palette, fresh white paper, warm morning light, flag colours muted, cinematic documentary photography, 35mm film, natural light, shallow depth of field, no text, no lettering, no signage, no logos, 16:9",cut,pan_right,warm,light,,,,यह एक विशाल कार्य था। और देश के सामने समस्याएं भी कम नहीं थीं। विभाजन। शरणार्थी। सांप्रदायिक हिंसा।,,,
928.5,931.5,"A relief camp of canvas tents laid out in rows on open ground, queues at a water point, seen from a rise, wide shot, bright optimistic palette, fresh white paper, warm morning light, flag colours muted, cinematic documentary photography, 35mm film, natural light, shallow depth of field, no text, no lettering, no signage, no logos, 16:9",dissolve,zoom_in:1.11,warm,light,,,,रियासतों का एकीकरण। गरीबी। अशिक्षा। जातिगत असमानता। भाषाई और सांस्कृतिक विविधता।,,,
931.5,934.5,"Looking straight down at a large political map of India with princely states marked in different tones, weighted at the corners, high overhead shot looking straight down, bright optimistic palette, fresh white paper, warm morning light, flag colours muted, cinematic documentary photography, 35mm film, natural light, shallow depth of field, no text, no lettering, no signage, no logos, 16:9",dissolve:0.7,zoom_out:1.18,warm,light,,,,इन सबके बीच भारत को एक लोकतांत्रिक संविधान देना था।,,,
934.5,943.5,"A thick bound volume being closed on a desk, a hand flat on the cover, warm lamplight, deep shadow beyond, close shot, bright optimistic palette, fresh white paper, warm morning light, flag colours muted, cinematic documentary photography, 35mm film, natural light, shallow depth of field, no text, no lettering, no signage, no logos, 16:9",cut,zoom_out:1.16,warm,light,,,,और आंबेडकर के लिए यह संविधान सिर्फ सरकार बनाने की किताब नहीं थी। यह उस समाज को बदलने का एक संस्थागत साधन भी था जिसमें जन्म के आधार पर असमानता गहरी थी।,,,
943.5,949,"A drafting room with a long teak table covered in papers, brass lamps burning along its length, tall windows behind, nobody seated, wide shot, warm chamber palette, polished teak, brass lamps, long window light, cinematic documentary photography, 35mm film, natural light, shallow depth of field, no text, no lettering, no signage, no logos, 16:9",fadeblack,,warm,light,hopeful.mp3,,संविधान,संविधान लिखना केवल अनुच्छेद लिखना नहीं था। यह तय करना था कि राज्य और नागरिक के बीच संबंध क्या होगा।,,chapter_card,chapter=भाग दस
949,952,"Looking straight down at a bare desk holding a single sheet of paper, a fountain pen and a pair of spectacles, warm lamplight, high overhead shot looking straight down, warm chamber palette, polished teak, brass lamps, long window light, cinematic documentary photography, 35mm film, natural light, shallow depth of field, no text, no lettering, no signage, no logos, 16:9",dissolve:0.7,zoom_out:1.18,warm,light,,,,व्यक्ति के अधिकार क्या होंगे? सरकार की सीमाएं क्या होंगी?,,,
952,959,"A courtroom bench and an empty witness box in an Indian high court, polished teak and brass rails, long window light, medium shot, warm chamber palette, polished teak, brass lamps, long window light, cinematic documentary photography, 35mm film, natural light, shallow depth of field, no text, no lettering, no signage, no logos, 16:9",dissolve,zoom_in:1.15,warm,light,,,,किसी नागरिक के साथ भेदभाव होने पर कानून क्या करेगा? और सबसे महत्वपूर्ण— क्या भारत में हर नागरिक कानून की नजर में बराबर होगा?,,,
959,961.5,"A rural polling station on election day, a queue stretching out of frame, a wooden ballot box on a table, dust and warm light, wide shot, warm chamber palette, polished teak, brass lamps, long window light, cinematic documentary photography, 35mm film, natural light, shallow depth of field, no text, no lettering, no signage, no logos, 16:9",dissolve,zoom_in:1.11,warm,light,,,,आंबेडकर की सोच में लोकतंत्र केवल चुनाव नहीं था।,,,
961.5,966,"Three small brass weights of identical size set in a row on dark polished wood, single warm light source, extreme close-up, detail shot, warm chamber palette, polished teak, brass lamps, long window light, cinematic documentary photography, 35mm film, natural light, shallow depth of field, no text, no lettering, no signage, no logos, 16:9",cut,zoom_in:1.22,warm,light,,,,उनके लिए लोकतंत्र एक सामाजिक जीवन-पद्धति भी था। जिसमें स्वतंत्रता हो। समानता हो। और बंधुत्व हो।,,,
966,969.5,"Three identical clay lamps burning side by side on a teak table in a dark room, their flames steady, medium shot, warm chamber palette, polished teak, brass lamps, long window light, cinematic documentary photography, 35mm film, natural light, shallow depth of field, no text, no lettering, no signage, no logos, 16:9",cut,,warm,light,,,स्वतंत्रता · समानता · बंधुत्व,यही तीन शब्द उनकी सोच में बार-बार दिखाई देते हैं। Liberty. Equality. Fraternity.,,vox_stat,
969.5,974.5,"A brass balance scale with one pan raised high and the other resting on the table, warm lamplight, deep shadow, close shot, warm chamber palette, polished teak, brass lamps, long window light, cinematic documentary photography, 35mm film, natural light, shallow depth of field, no text, no lettering, no signage, no logos, 16:9",dissolve,zoom_out:1.16,warm,light,,,,अगर स्वतंत्रता है लेकिन समानता नहीं... तो स्वतंत्रता कुछ लोगों के हाथों में विशेषाधिकार बन सकती है।,,,
974.5,978.5,"A brass balance scale locked level but clamped in a vice, warm lamplight, deep shadow, close shot, warm chamber palette, polished teak, brass lamps, long window light, cinematic documentary photography, 35mm film, natural light, shallow depth of field, no text, no lettering, no signage, no logos, 16:9",dissolve:0.7,zoom_out:1.16,warm,light,,,,अगर समानता है लेकिन स्वतंत्रता नहीं... तो व्यक्ति की स्वतंत्रता समाप्त हो सकती है।,,,
978.5,983.5,"Two chairs set facing each other at a distance across a wide teak floor, an unbridged gap of polished wood between them, medium shot, warm chamber palette, polished teak, brass lamps, long window light, cinematic documentary photography, 35mm film, natural light, shallow depth of field, no text, no lettering, no signage, no logos, 16:9",dissolve,zoom_in:1.15,warm,light,,,,और अगर दोनों हैं लेकिन बंधुत्व नहीं... तो समाज में विश्वास और एकता कमजोर हो सकती है।,,,
983.5,988.5,"A village meeting at dusk, people of different households seated together in one circle, lanterns being lit, warm light, wide shot, warm chamber palette, polished teak, brass lamps, long window light, cinematic documentary photography, 35mm film, natural light, shallow depth of field, no text, no lettering, no signage, no logos, 16:9",dissolve,zoom_in:1.11,warm,light,,,,इसलिए आंबेडकर के लिए लोकतंत्र केवल राजनीतिक व्यवस्था नहीं था। यह सामाजिक संबंधों का भी प्रश्न था।,,,
988.5,993.5,"A speaker's lectern in a full assembly chamber lit by a single overhead shaft, members at tiered desks turned towards it, wide shot, warm chamber palette, polished teak, brass lamps, long window light, cinematic documentary photography, 35mm film, natural light, shallow depth of field, no text, no lettering, no signage, no logos, 16:9",dissolve:0.7,,warm,light,,,Constitutional Morality,4 नवंबर 1948 को संविधान सभा में बोलते हुए उन्होंने 'constitutional morality' की आवश्यकता पर जोर दिया।,,lower_third,sub=४ नवंबर १९४८
993.5,999.5,"A thick bound document lying closed on a desk beside a pair of empty spectacles, warm lamplight, deep shadow around, extreme close-up, detail shot, warm chamber palette, polished teak, brass lamps, long window light, cinematic documentary photography, 35mm film, natural light, shallow depth of field, no text, no lettering, no signage, no logos, 16:9",cut,zoom_in:1.22,warm,light,,,,अर्थात... संविधान सिर्फ कागज पर मौजूद होना पर्याप्त नहीं। उसे चलाने वालों में संवैधानिक मूल्यों के प्रति सम्मान भी होना चाहिए।,,,
999.5,1005,"The Constituent Assembly chamber on its last working day, members standing at their desks, papers gathered, light from the dome, wide shot, warm chamber palette, polished teak, brass lamps, long window light, cinematic documentary photography, 35mm film, natural light, shallow depth of field, no text, no lettering, no signage, no logos, 16:9",cut,,warm,light,,,२५ नवंबर १९४९,25 नवंबर 1949 को संविधान सभा में उनका अंतिम महत्वपूर्ण भाषण आया। भारत अगले ही वर्ष गणतंत्र बनने वाला था।,,lower_third,sub=अंतिम भाषण
1005,1008,"A celebration in an assembly lobby, garlands and clasped hands, everyone seen from behind, bright daylight through tall doors, medium shot, warm chamber palette, polished teak, brass lamps, long window light, cinematic documentary photography, 35mm film, natural light, shallow depth of field, no text, no lettering, no signage, no logos, 16:9",dissolve,zoom_in:1.15,warm,light,,,,लेकिन आंबेडकर उत्सव के बीच एक चेतावनी दे रहे थे।,,,
1008,1014.5,"Looking straight down at two maps of the same country laid side by side, one marked evenly and one marked in uneven patches, high overhead shot looking straight down, warm chamber palette, polished teak, brass lamps, long window light, cinematic documentary photography, 35mm film, natural light, shallow depth of field, no text, no lettering, no signage, no logos, 16:9",dissolve,zoom_out:1.18,warm,light,,,,"उन्होंने कहा कि भारत राजनीतिक रूप से समानता की ओर बढ़ रहा है, लेकिन सामाजिक और आर्थिक जीवन में असमानता बनी हुई है।",,,
1014.5,1017.5,"Two identical ballot slips side by side on a table, one lying flat and one held down under a heavy brass weight, hard side light, extreme close-up, detail shot, warm chamber palette, polished teak, brass lamps, long window light, cinematic documentary photography, 35mm film, natural light, shallow depth of field, no text, no lettering, no signage, no logos, 16:9",cut,,warm,light,,,"एक व्यक्ति, एक वोट",एक व्यक्ति... एक वोट। एक वोट... एक मूल्य। लेकिन समाज में?,,vox_stat,
1017.5,1022,"A row of people standing shoulder to shoulder against a plain wall, all seen from behind, the floor beneath them stepped at different heights, medium shot, warm chamber palette, polished teak, brass lamps, long window light, cinematic documentary photography, 35mm film, natural light, shallow depth of field, no text, no lettering, no signage, no logos, 16:9",cut,zoom_in:1.15,warm,light,,,,हर व्यक्ति का मूल्य बराबर नहीं माना जा रहा था। यही उनका सबसे बड़ा विरोधाभास था।,,,
1022,1026,"A grand staircase in a government building, the lower steps crowded and the upper steps empty, hard shaft of light from above, wide shot, warm chamber palette, polished teak, brass lamps, long window light, cinematic documentary photography, 35mm film, natural light, shallow depth of field, no text, no lettering, no signage, no logos, 16:9",dissolve,zoom_in:1.11,warm,light,,,,भारत राजनीतिक लोकतंत्र में प्रवेश कर रहा था। लेकिन सामाजिक लोकतंत्र अभी अधूरा था।,,,
1026,1033,"A hairline crack running through a polished stone floor, brass lamp light raking across it, deep shadow, close shot, warm chamber palette, polished teak, brass lamps, long window light, cinematic documentary photography, 35mm film, natural light, shallow depth of field, no text, no lettering, no signage, no logos, 16:9",cut,zoom_out:1.16,warm,light,,,,और आंबेडकर जानते थे— अगर सामाजिक और आर्थिक असमानता बहुत लंबे समय तक बनी रही... तो राजनीतिक लोकतंत्र भी खतरे में पड़ सकता है।,,,
1033,1037.5,"A stone foundation inscription panel left deliberately blank, weathered edges, raking afternoon light, medium shot, warm chamber palette, polished teak, brass lamps, long window light, cinematic documentary photography, 35mm film, natural light, shallow depth of field, no text, no lettering, no signage, no logos, 16:9",dissolve,zoom_in:1.15,warm,light,,,,यह चेतावनी 1949 में दी गई थी। लेकिन इसकी चिंता आज भी समझी जा सकती है।,,,
1037.5,1042,"A vast parade ground on Republic Day 1950, crowds along the avenue, flags without emblems, cold bright January light, extreme wide shot, vast scale, human figures small in frame, warm chamber palette, polished teak, brass lamps, long window light, cinematic documentary photography, 35mm film, natural light, shallow depth of field, no text, no lettering, no signage, no logos, 16:9",cut,,warm,light,,,२६ जनवरी १९५०,26 नवंबर 1949 को संविधान अपनाया गया। और 26 जनवरी 1950 को भारत एक गणराज्य बना।,,lower_third,sub=भारत गणराज्य
1042,1046.5,"An office at the end of a long working day, papers squared into a single stack, chair pushed back, low evening light, medium shot, warm chamber palette, polished teak, brass lamps, long window light, cinematic documentary photography, 35mm film, natural light, shallow depth of field, no text, no lettering, no signage, no logos, 16:9",cut,zoom_in:1.15,warm,light,,,,आंबेडकर की जिंदगी का एक सबसे बड़ा अध्याय पूरा हुआ। लेकिन... उनका संघर्ष खत्म नहीं हुआ।,,,
1046.5,1054,"A fresh unbound sheaf of draft legislation set down on an empty desk, a hand withdrawing, cold morning light, close shot, warm chamber palette, polished teak, brass lamps, long window light, cinematic documentary photography, 35mm film, natural light, shallow depth of field, no text, no lettering, no signage, no logos, 16:9",dissolve,zoom_out:1.16,warm,light,,,,"क्योंकि अब उन्हें एक ऐसे मुद्दे का सामना करना था जो भारतीय परिवार, विवाह, संपत्ति और महिलाओं के अधिकारों से सीधे जुड़ा था। Hindu Code Bill.",,,
1054,1057.5,"A wide ceremonial avenue in Delhi on a cold January morning, thin winter light, crowds along the verges seen from far above, extreme wide shot, vast scale, human figures small in frame, cold institutional palette, pale green walls, fluorescent flatness, empty corridors, cinematic documentary photography, 35mm film, natural light, shallow depth of field, no text, no lettering, no signage, no logos, 16:9",fadeblack,,cold,light,somber.mp3,,हिंदू कोड बिल,26 जनवरी 1950। भारत गणराज्य बन चुका था। संविधान लागू हो चुका था।,,chapter_card,chapter=भाग ग्यारह
1057.5,1060,"A law ministry office with pale green walls, a heavy desk and a wall of legal volumes, flat institutional light, nobody at the desk, medium shot, cold institutional palette, pale green walls, fluorescent flatness, empty corridors, cinematic documentary photography, 35mm film, natural light, shallow depth of field, no text, no lettering, no signage, no logos, 16:9",cut,zoom_in:1.15,cold,light,,,,डॉ. आंबेडकर अब स्वतंत्र भारत के कानून मंत्री थे।,,,
1060,1067,"A courtroom and a domestic doorway seen in the same frame through an open corridor, one formal and one ordinary, flat daylight, wide shot, cold institutional palette, pale green walls, fluorescent flatness, empty corridors, cinematic documentary photography, 35mm film, natural light, shallow depth of field, no text, no lettering, no signage, no logos, 16:9",dissolve,zoom_in:1.11,cold,light,,,,लेकिन उनके सामने एक और बड़ा सवाल था। क्या कानून सिर्फ राज्य को बदलेगा? या समाज के भीतर परिवार और सामाजिक संबंधों को भी?,,,
1067,1069,"A thick unbound bill of draft legislation tied with tape on a desk, cold window light, close shot, cold institutional palette, pale green walls, fluorescent flatness, empty corridors, cinematic documentary photography, 35mm film, natural light, shallow depth of field, no text, no lettering, no signage, no logos, 16:9",cut,,cold,light,,,Hindu Code Bill,इसी संदर्भ में Hindu Code Bill आया।,,lower_third,sub=कानूनी बराबरी का प्रश्न
1069,1071.5,"A woman's hands resting on a closed ledger on a table, plain sari sleeve, no face in frame, cold even light, medium shot, cold institutional palette, pale green walls, fluorescent flatness, empty corridors, cinematic documentary photography, 35mm film, natural light, shallow depth of field, no text, no lettering, no signage, no logos, 16:9",dissolve,zoom_in:1.15,cold,light,,,,आंबेडकर महिलाओं के कानूनी अधिकारों को लेकर गंभीर थे।,,,
1071.5,1073.5,"Looking straight down at four objects on a dark table — a marriage garland, a broken thread, a deed of property and a family register, high overhead shot looking straight down, cold institutional palette, pale green walls, fluorescent flatness, empty corridors, cinematic documentary photography, 35mm film, natural light, shallow depth of field, no text, no lettering, no signage, no logos, 16:9",dissolve,,cold,light,,,विवाह · तलाक · संपत्ति · उत्तराधिकार,विवाह। तलाक। संपत्ति। उत्तराधिकार।,,vox_lower_bar,
1073.5,1078,"A committee room mid-debate, papers in the air, empty chairs pushed back at odd angles, pale institutional light, wide shot, cold institutional palette, pale green walls, fluorescent flatness, empty corridors, cinematic documentary photography, 35mm film, natural light, shallow depth of field, no text, no lettering, no signage, no logos, 16:9",dissolve:0.7,zoom_in:1.11,cold,light,,,,इन मुद्दों पर हिंदू व्यक्तिगत कानून में सुधार की आवश्यकता पर बहस चल रही थी।,,,
1078,1081,"A woman seen from behind standing at the threshold of a courtroom doorway, light falling on her shoulders, the room beyond in shadow, medium shot, cold institutional palette, pale green walls, fluorescent flatness, empty corridors, cinematic documentary photography, 35mm film, natural light, shallow depth of field, no text, no lettering, no signage, no logos, 16:9",dissolve,zoom_in:1.15,cold,light,,,,आंबेडकर चाहते थे कि कानून महिलाओं को अधिक अधिकार दे।,,,
1081,1085,"A parliamentary chamber with many empty seats and a few members scattered across them, an unread bill on every desk, cold flat light, wide shot, cold institutional palette, pale green walls, fluorescent flatness, empty corridors, cinematic documentary photography, 35mm film, natural light, shallow depth of field, no text, no lettering, no signage, no logos, 16:9",dissolve,zoom_in:1.11,cold,light,,,,लेकिन विधेयक को लेकर राजनीतिक विरोध और लंबी बहसें हुईं। प्रक्रिया धीमी पड़ती गई।,,,
1085,1089.5,"A fountain pen laid down across a typed letter of resignation on a bare desk, cold window light, a hand withdrawing, close shot, cold institutional palette, pale green walls, fluorescent flatness, empty corridors, cinematic documentary photography, 35mm film, natural light, shallow depth of field, no text, no lettering, no signage, no logos, 16:9",cut,,cold,light,,,२७ अक्टूबर १९५१,और अंततः... 27 अक्टूबर 1951 को आंबेडकर ने कानून मंत्री के पद से इस्तीफा दे दिया।,,lower_third,sub=कानून मंत्री पद से इस्तीफा
1089.5,1096,"An office being emptied, books packed into wooden crates, bare shelves behind, flat afternoon light, medium shot, cold institutional palette, pale green walls, fluorescent flatness, empty corridors, cinematic documentary photography, 35mm film, natural light, shallow depth of field, no text, no lettering, no signage, no logos, 16:9",dissolve,zoom_in:1.15,cold,light,,,,"उनके इस्तीफे के पीछे कई राजनीतिक और नीतिगत असहमति थीं, लेकिन Hindu Code Bill की धीमी प्रगति इस प्रकरण का महत्वपूर्ण हिस्सा थी।",,,
1096,1103,"A long empty ministry corridor with identical closed doors receding, one door standing open at the far end, institutional light, wide shot, cold institutional palette, pale green walls, fluorescent flatness, empty corridors, cinematic documentary photography, 35mm film, natural light, shallow depth of field, no text, no lettering, no signage, no logos, 16:9",dissolve,zoom_in:1.11,cold,light,,,,यह घटना महत्वपूर्ण थी। क्योंकि इससे पता चलता है कि संविधान बनने के बाद भी आंबेडकर की राजनीति का केंद्र सिर्फ संविधान नहीं था।,,,
1103,1111,"A courtroom bench and a household threshold shown as two doorways side by side in a plain wall, even light, medium shot, cold institutional palette, pale green walls, fluorescent flatness, empty corridors, cinematic documentary photography, 35mm film, natural light, shallow depth of field, no text, no lettering, no signage, no logos, 16:9",dissolve,zoom_in:1.15,cold,light,,,,वह समाज के भीतर कानूनी बराबरी को भी उतना ही महत्वपूर्ण मानते थे। और शायद यही वजह है कि उनके लिए सामाजिक न्याय एक पूरा राजनीतिक कार्यक्रम था।,,,
1111,1116.5,"A road running out of a city into open country at dusk, the buildings ending abruptly, a single figure walking away seen from behind, wide shot, cold institutional palette, pale green walls, fluorescent flatness, empty corridors, cinematic documentary photography, 35mm film, natural light, shallow depth of field, no text, no lettering, no signage, no logos, 16:9",dissolve,zoom_in:1.11,cold,light,,,,लेकिन अब उनकी राजनीति एक और मोड़ लेने वाली थी। उन्हें लगने लगा था कि राजनीतिक रास्ते सीमित हैं।,,,
1116.5,1120,"A small clay lamp being lit by unseen hands in a dark room, the flame taking hold, everything else black, extreme close-up, detail shot, cold institutional palette, pale green walls, fluorescent flatness, empty corridors, cinematic documentary photography, 35mm film, natural light, shallow depth of field, no text, no lettering, no signage, no logos, 16:9",cut,zoom_in:1.22,cold,light,,,,और उनके सामने धर्म का प्रश्न और अधिक स्पष्ट होता जा रहा था।,,,
1120,1124.5,"A wide open maidan at dawn under an immense pale sky, a low white platform at its centre, nobody there yet, extreme wide shot, vast scale, human figures small in frame, soft white and saffron palette, open sky, immense crowd, diffuse afternoon light, cinematic documentary photography, 35mm film, natural light, shallow depth of field, no text, no lettering, no signage, no logos, 16:9",fadeblack,,neutral,light,hopeful.mp3,,धम्म दीक्षा,आंबेडकर के जीवन को समझने के लिए उनके धर्म संबंधी विचारों को समझना जरूरी है।,,chapter_card,chapter=भाग बारह
1124.5,1131,"Four religious buildings of different faiths photographed as a row of doorways along one street, morning light, nobody in frame, medium shot, soft white and saffron palette, open sky, immense crowd, diffuse afternoon light, cinematic documentary photography, 35mm film, natural light, shallow depth of field, no text, no lettering, no signage, no logos, 16:9",cut,zoom_in:1.15,neutral,light,,,,उन्होंने सिर्फ यह नहीं पूछा कि इंसान किस धर्म में पैदा हुआ है। उन्होंने पूछा— क्या धर्म इंसान को बराबरी देता है?,,,
1131,1138.5,"Looking straight down at a set of scriptures from several traditions laid open side by side on a dark table, even light, text not legible, high overhead shot looking straight down, soft white and saffron palette, open sky, immense crowd, diffuse afternoon light, cinematic documentary photography, 35mm film, natural light, shallow depth of field, no text, no lettering, no signage, no logos, 16:9",dissolve,zoom_out:1.18,neutral,light,,,,क्या वह व्यक्ति की गरिमा स्वीकार करता है? क्या वह सामाजिक बंधुत्व पैदा करता है? या जन्म के आधार पर लोगों को अलग-अलग दर्जों में बांटता है?,,,
1138.5,1145,"A study lined floor to ceiling with books of comparative religion, a ladder, a single reading chair, warm afternoon light, wide shot, soft white and saffron palette, open sky, immense crowd, diffuse afternoon light, cinematic documentary photography, 35mm film, natural light, shallow depth of field, no text, no lettering, no signage, no logos, 16:9",dissolve:0.7,zoom_in:1.11,neutral,light,,,,आंबेडकर का धर्म के साथ संबंध सरल नहीं था। उन्होंने लंबे समय तक हिंदू समाज के भीतर सुधार की संभावनाओं पर विचार किया।,,,
1145,1150.5,"A public meeting platform at dusk in 1935, a microphone and a crowd of white-clad listeners seen from behind the speaker, medium shot, soft white and saffron palette, open sky, immense crowd, diffuse afternoon light, cinematic documentary photography, 35mm film, natural light, shallow depth of field, no text, no lettering, no signage, no logos, 16:9",dissolve,,neutral,light,,,१९३५ — येवला,लेकिन धीरे-धीरे उनका निष्कर्ष और अधिक स्पष्ट होता गया। 1935 में उन्होंने धर्म परिवर्तन की संभावना की घोषणा की।,,lower_third,sub=धर्म परिवर्तन की घोषणा
1150.5,1155.5,"A single lamp flame reflected in a pair of spectacle lenses lying on a dark table, everything else in shadow, extreme close-up, detail shot, soft white and saffron palette, open sky, immense crowd, diffuse afternoon light, cinematic documentary photography, 35mm film, natural light, shallow depth of field, no text, no lettering, no signage, no logos, 16:9",cut,zoom_in:1.22,neutral,light,,,,"उन्होंने कहा कि वह हिंदू के रूप में पैदा हुए हैं, लेकिन हिंदू के रूप में मरेंगे नहीं।",,,
1155.5,1162.5,"Looking straight down at a desk where a reader's notes lie between five different open books, pencil and ruler, even light, high overhead shot looking straight down, soft white and saffron palette, open sky, immense crowd, diffuse afternoon light, cinematic documentary photography, 35mm film, natural light, shallow depth of field, no text, no lettering, no signage, no logos, 16:9",cut,zoom_out:1.18,neutral,light,,,,इसके बाद लगभग दो दशकों तक उन्होंने विभिन्न धार्मिक परंपराओं का अध्ययन किया। बौद्ध धर्म। सिख धर्म। ईसाई धर्म। इस्लाम। और अन्य धार्मिक विचार।,,,
1162.5,1167,"A bare meditation hall with a plain floor and one open window, light falling in a single rectangle, nobody present, medium shot, soft white and saffron palette, open sky, immense crowd, diffuse afternoon light, cinematic documentary photography, 35mm film, natural light, shallow depth of field, no text, no lettering, no signage, no logos, 16:9",dissolve,zoom_in:1.15,neutral,light,,,,उनके लिए धर्म सिर्फ व्यक्तिगत आस्था नहीं था। वह सामाजिक नैतिकता का प्रश्न भी था।,,,
1167,1169.5,"A plain white cotton cloth folded and set on a low wooden table, soft diffuse daylight, nothing else in frame, close shot, soft white and saffron palette, open sky, immense crowd, diffuse afternoon light, cinematic documentary photography, 35mm film, natural light, shallow depth of field, no text, no lettering, no signage, no logos, 16:9",dissolve,zoom_out:1.16,neutral,light,,,,आखिरकार उन्होंने बौद्ध धर्म को अपनाने का निर्णय लिया।,,,
1169.5,1171.5,"An immense open ground in Nagpur filled with hundreds of thousands of people in white, seen from very high above, soft October afternoon light, extreme wide shot, vast scale, human figures small in frame, soft white and saffron palette, open sky, immense crowd, diffuse afternoon light, cinematic documentary photography, 35mm film, natural light, shallow depth of field, no text, no lettering, no signage, no logos, 16:9",cut,,neutral,light,,,१४ अक्टूबर १९५६,14 अक्टूबर 1956। नागपुर। दीक्षाभूमि।,,lower_third,"sub=नागपुर, दीक्षाभूमि"
1171.5,1173.5,"A sea of white-clad people stretching past the horizon seen from a high platform, a low dais at the centre, banners without lettering, extreme wide shot, vast scale, human figures small in frame, soft white and saffron palette, open sky, immense crowd, diffuse afternoon light, cinematic documentary photography, 35mm film, natural light, shallow depth of field, no text, no lettering, no signage, no logos, 16:9",dissolve:0.7,pan_right,neutral,light,,,,एक विशाल सभा।,,,
1173.5,1179,"Rows of people standing with palms joined, seen from behind and slightly above, white cotton and soft afternoon light, medium shot, soft white and saffron palette, open sky, immense crowd, diffuse afternoon light, cinematic documentary photography, 35mm film, natural light, shallow depth of field, no text, no lettering, no signage, no logos, 16:9",cut,zoom_in:1.15,neutral,light,,,,आंबेडकर ने बौद्ध धर्म की दीक्षा ली। उनके साथ बड़ी संख्या में उनके अनुयायियों ने भी बौद्ध धर्म अपनाया।,,,
1179,1185.5,"A crowd turning together to face one direction on open ground, an ocean of shoulders and white cloth, diffuse light, wide shot, soft white and saffron palette, open sky, immense crowd, diffuse afternoon light, cinematic documentary photography, 35mm film, natural light, shallow depth of field, no text, no lettering, no signage, no logos, 16:9",dissolve,zoom_in:1.11,neutral,light,,,,यह उनके जीवन का एक बहुत बड़ा मोड़ था। यह सिर्फ व्यक्तिगत धर्म परिवर्तन नहीं था। यह एक सामाजिक घोषणा भी थी।,,,
1185.5,1190.5,"A pair of hands releasing a length of thread, the strands falling loose against a white cloth, soft daylight, extreme close-up, detail shot, soft white and saffron palette, open sky, immense crowd, diffuse afternoon light, cinematic documentary photography, 35mm film, natural light, shallow depth of field, no text, no lettering, no signage, no logos, 16:9",cut,zoom_in:1.22,neutral,light,,,,एक ऐसी पहचान से बाहर निकलने की घोषणा जिसे वे जातिगत असमानता से जुड़ा हुआ मानते थे।,,,
1190.5,1195.5,"A small plain Buddha figure on a low table draped in white cloth, soft diffuse daylight, saffron edge at the frame, close shot, soft white and saffron palette, open sky, immense crowd, diffuse afternoon light, cinematic documentary photography, 35mm film, natural light, shallow depth of field, no text, no lettering, no signage, no logos, 16:9",dissolve,zoom_out:1.16,neutral,light,,,,"और एक ऐसे नैतिक ढांचे को अपनाने की घोषणा जिसमें समानता, तर्क, करुणा और मानवीय गरिमा महत्वपूर्ण थीं।",,,
1195.5,1202,"A writing desk by a window with a manuscript in progress, a blanket over the chair back, weak late daylight, medium shot, soft white and saffron palette, open sky, immense crowd, diffuse afternoon light, cinematic documentary photography, 35mm film, natural light, shallow depth of field, no text, no lettering, no signage, no logos, 16:9",dissolve,,neutral,light,,,The Buddha and His Dhamma,उन्होंने बौद्ध धर्म को अपने तरीके से समझा। और अपने अंतिम वर्षों में उन्होंने 'The Buddha and His Dhamma' पर काम किया।,,lower_third,sub=अंतिम प्रमुख लेखन
1202,1209,"A hand resting on a half-written page, the pen set aside, the light from the window failing, close shot, soft white and saffron palette, open sky, immense crowd, diffuse afternoon light, cinematic documentary photography, 35mm film, natural light, shallow depth of field, no text, no lettering, no signage, no logos, 16:9",dissolve,zoom_out:1.16,neutral,light,,,,उनकी मृत्यु से पहले यह उनका अंतिम प्रमुख लेखन बना। लेकिन उनका शरीर अब लगातार कमजोर हो रहा था। समय बहुत कम बचा था।,,,
1209,1212.5,"A study at night lit by one desk lamp, a blanket over the chair back and a walking stick against the desk, papers everywhere, medium shot, intimate lamplight palette, warm pool of light in deep shadow, paper and wool, cinematic documentary photography, 35mm film, natural light, shallow depth of field, no text, no lettering, no signage, no logos, 16:9",fadeblack,,sepia,medium,somber.mp3,,अंतिम वर्ष,1950 के दशक के मध्य तक आंबेडकर का स्वास्थ्य गिर रहा था।,,chapter_card,chapter=भाग तेरह
1212.5,1215.5,"A hand writing steadily on ruled paper in a pool of lamplight, the rest of the room in deep warm shadow, words not legible, close shot, intimate lamplight palette, warm pool of light in deep shadow, paper and wool, cinematic documentary photography, 35mm film, natural light, shallow depth of field, no text, no lettering, no signage, no logos, 16:9",dissolve,zoom_out:1.16,sepia,medium,,,,लेकिन उनका काम रुका नहीं। वह लिखते रहे। सोचते रहे।,,,
1215.5,1222,"Looking straight down at a desk where a thick manuscript lies open beside reference books and a cooling cup of tea, high overhead shot looking straight down, intimate lamplight palette, warm pool of light in deep shadow, paper and wool, cinematic documentary photography, 35mm film, natural light, shallow depth of field, no text, no lettering, no signage, no logos, 16:9",cut,,sepia,medium,,,The Buddha and His Dhamma,राजनीतिक और सामाजिक सवालों पर काम करते रहे। उन्होंने अपनी ऊर्जा अपने अंतिम बौद्धिक प्रोजेक्ट में लगाई। The Buddha and His Dhamma.,,lower_third,sub=अंतिम बौद्धिक कार्य
1222,1229.5,"A page of a manuscript held down by a brass paperweight, the margin dense with corrections, warm lamplight, extreme close-up, detail shot, intimate lamplight palette, warm pool of light in deep shadow, paper and wool, cinematic documentary photography, 35mm film, natural light, shallow depth of field, no text, no lettering, no signage, no logos, 16:9",cut,zoom_in:1.22,sepia,medium,,,,यह पुस्तक उनके लिए सिर्फ धार्मिक ग्रंथ नहीं थी। यह उस बौद्ध दृष्टि की उनकी व्याख्या थी जिसे वह आधुनिक समाज के लिए प्रासंगिक मानते थे।,,,
1229.5,1235,"A bound copy of a constitution standing upright on a shelf beside a row of religious texts, warm lamplight, deep shadow, medium shot, intimate lamplight palette, warm pool of light in deep shadow, paper and wool, cinematic documentary photography, 35mm film, natural light, shallow depth of field, no text, no lettering, no signage, no logos, 16:9",cut,zoom_in:1.15,sepia,medium,,,,उनकी जिंदगी में एक दिलचस्प विरोधाभास था। एक तरफ... वह संविधान के निर्माण में केंद्रीय भूमिका निभाने वाले व्यक्ति थे।,,,
1235,1241,"A study with its door standing open onto a dark corridor, the desk lamp the only light in the frame, wide shot, intimate lamplight palette, warm pool of light in deep shadow, paper and wool, cinematic documentary photography, 35mm film, natural light, shallow depth of field, no text, no lettering, no signage, no logos, 16:9",dissolve,zoom_in:1.11,sepia,medium,,,,दूसरी तरफ... वही व्यक्ति राजनीतिक व्यवस्था से बाहर निकलकर धर्म और समाज के बारे में नए सिरे से सोच रहा था।,,,
1241,1245,"A gavel and a clay lamp side by side on a desk, the gavel in shadow and the lamp lit, deep warm blacks, close shot, intimate lamplight palette, warm pool of light in deep shadow, paper and wool, cinematic documentary photography, 35mm film, natural light, shallow depth of field, no text, no lettering, no signage, no logos, 16:9",cut,zoom_out:1.16,sepia,medium,,,,क्यों? क्योंकि आंबेडकर के लिए कानून जरूरी था। लेकिन कानून अकेला पर्याप्त नहीं था।,,,
1245,1249.5,"A tall bookcase of law reports with one shelf left empty, warm lamplight raking across the spines, medium shot, intimate lamplight palette, warm pool of light in deep shadow, paper and wool, cinematic documentary photography, 35mm film, natural light, shallow depth of field, no text, no lettering, no signage, no logos, 16:9",dissolve,zoom_in:1.15,sepia,medium,,,,अगर समाज के मन में समानता का विचार नहीं होगा... तो कानून की सीमा भी होगी।,,,
1249.5,1254.5,"A village courtyard at dusk seen through a window frame from inside a lit room, people gathering outside in the blue hour, wide shot, intimate lamplight palette, warm pool of light in deep shadow, paper and wool, cinematic documentary photography, 35mm film, natural light, shallow depth of field, no text, no lettering, no signage, no logos, 16:9",dissolve,zoom_in:1.11,sepia,medium,,,,यही कारण है कि उनकी अंतिम राजनीति फिर से सामाजिक परिवर्तन की ओर लौटती दिखाई देती है।,,,
1254.5,1259.5,"A wide Indian landscape at last light with scattered lamps coming on across it, one road running through, deep warm dusk, extreme wide shot, vast scale, human figures small in frame, intimate lamplight palette, warm pool of light in deep shadow, paper and wool, cinematic documentary photography, 35mm film, natural light, shallow depth of field, no text, no lettering, no signage, no logos, 16:9",dissolve,pan_right,sepia,medium,,,,अब सवाल यह नहीं था कि कौन सत्ता में है। सवाल था— मनुष्य एक-दूसरे के साथ कैसे रहेंगे?,,,
1259.5,1263.5,"A single lamp flame burning steady against total darkness, nothing else in frame, extreme close-up, detail shot, intimate lamplight palette, warm pool of light in deep shadow, paper and wool, cinematic documentary photography, 35mm film, natural light, shallow depth of field, no text, no lettering, no signage, no logos, 16:9",cut,zoom_in:1.22,sepia,medium,,,,और शायद यही वह प्रश्न था जो उनकी पूरी जिंदगी के केंद्र में रहा।,,,
1263.5,1267.5,"A bedroom window in winter with rain on the glass, a writing table drawn close to it, a blanket folded on the chair, medium shot, near-monochrome palette, rain, wet stone, cold grey with one warm point, cinematic documentary photography, 35mm film, natural light, shallow depth of field, no text, no lettering, no signage, no logos, 16:9",fadeblack,,noir,medium,somber.mp3,,६ दिसंबर १९५६,1956 के अंत तक आंबेडकर का शरीर उनका साथ तेजी से छोड़ रहा था।,,chapter_card,chapter=भाग चौदह
1267.5,1274,"Looking straight down at a desk of travel notes, a railway timetable and a map of India marked with planned stops, high overhead shot looking straight down, near-monochrome palette, rain, wet stone, cold grey with one warm point, cinematic documentary photography, 35mm film, natural light, shallow depth of field, no text, no lettering, no signage, no logos, 16:9",dissolve,zoom_out:1.18,noir,medium,,,,फिर भी उन्होंने काम जारी रखा। उन्होंने बौद्ध धर्म के प्रसार की योजना बनाई। और अधिक लोगों तक पहुंचने की इच्छा रखी।,,,
1274,1276,"A packed but unopened travelling case standing beside a door, a coat still on its hook above, cold grey light, close shot, near-monochrome palette, rain, wet stone, cold grey with one warm point, cinematic documentary photography, 35mm film, natural light, shallow depth of field, no text, no lettering, no signage, no logos, 16:9",cut,zoom_out:1.16,noir,medium,,,,लेकिन वह समय नहीं आया।,,,
1276,1278,"A modest colonial bungalow behind a low wall on a Delhi road at dawn, bare trees, wet stone, nobody in the frame, wide shot, near-monochrome palette, rain, wet stone, cold grey with one warm point, cinematic documentary photography, 35mm film, natural light, shallow depth of field, no text, no lettering, no signage, no logos, 16:9",cut,,noir,medium,,,"२६ अलीपुर रोड, दिल्ली","6 दिसंबर 1956। दिल्ली। 26, अलीपुर रोड।",,lower_third,sub=६ दिसंबर १९५६
1278,1281.5,"A pair of spectacles folded and set down on a closed manuscript, cold grey light from a window, deep shadow around, extreme close-up, detail shot, near-monochrome palette, rain, wet stone, cold grey with one warm point, cinematic documentary photography, 35mm film, natural light, shallow depth of field, no text, no lettering, no signage, no logos, 16:9",cut,zoom_in:1.22,noir,medium,,,,डॉ. भीमराव रामजी आंबेडकर का निधन हो गया। उम्र थी— 65 वर्ष।,,,
1281.5,1290,"An immense silent crowd filling a Bombay street in December 1956, seen from very high above, heads to the horizon, overcast light, extreme wide shot, vast scale, human figures small in frame, near-monochrome palette, rain, wet stone, cold grey with one warm point, cinematic documentary photography, 35mm film, natural light, shallow depth of field, no text, no lettering, no signage, no logos, 16:9",cut,pan_right,noir,medium,,,,"एक ऐसी जिंदगी समाप्त हुई जिसमें संघर्ष भी था, शिक्षा भी थी, राजनीति भी थी, कानून भी था, अर्थशास्त्र भी था, सामाजिक आंदोलन भी था और धर्म की खोज भी।",,,
1290,1294.5,"A row of people standing in the rain with folded hands, seen from behind, wet cloth and grey light, medium shot, near-monochrome palette, rain, wet stone, cold grey with one warm point, cinematic documentary photography, 35mm film, natural light, shallow depth of field, no text, no lettering, no signage, no logos, 16:9",cut,zoom_in:1.15,noir,medium,,,,लेकिन अगर कहानी यहीं खत्म कर दें... तो शायद हम आंबेडकर को समझ ही नहीं पाएंगे।,,,
1294.5,1297.5,"A single clay lamp still burning in steady rain on a stone step, water beading around it, close shot, near-monochrome palette, rain, wet stone, cold grey with one warm point, cinematic documentary photography, 35mm film, natural light, shallow depth of field, no text, no lettering, no signage, no logos, 16:9",dissolve,zoom_out:1.16,noir,medium,,,,क्योंकि किसी व्यक्ति की मृत्यु उसके विचारों की मृत्यु नहीं होती।,,,
1297.5,1304.5,"A printing press running at night, freshly printed pages stacking up fast, a worker's hands lifting a bundle, warm lamp in cold air, wide shot, near-monochrome palette, rain, wet stone, cold grey with one warm point, cinematic documentary photography, 35mm film, natural light, shallow depth of field, no text, no lettering, no signage, no logos, 16:9",cut,zoom_in:1.11,noir,medium,,,,आंबेडकर के बाद उनके विचार और भी बड़े पैमाने पर भारतीय सार्वजनिक जीवन का हिस्सा बने। उनके लेख पढ़े गए। उनकी किताबें प्रकाशित हुईं।,,,
1304.5,1309.5,"A public statue on a plinth seen from ground level against a bright open sky, garlands at its base, no facial detail visible, low angle shot from ground level, near-monochrome palette, rain, wet stone, cold grey with one warm point, cinematic documentary photography, 35mm film, natural light, shallow depth of field, no text, no lettering, no signage, no logos, 16:9",dissolve,zoom_in:1.13,noir,medium,,,,उनकी मूर्तियां बनीं। उनकी जयंती मनाई गई। राजनीतिक दलों ने उनके नाम और विचारों का इस्तेमाल किया।,,,
1309.5,1315.5,"A reading room in a small town library, a shelf of well-worn books, a reader at a table seen from behind, warm lamp, medium shot, near-monochrome palette, rain, wet stone, cold grey with one warm point, cinematic documentary photography, 35mm film, natural light, shallow depth of field, no text, no lettering, no signage, no logos, 16:9",dissolve:0.7,zoom_in:1.15,noir,medium,,,,लेकिन आंबेडकर को समझने के लिए सिर्फ उनकी तस्वीर देखना पर्याप्त नहीं है। उनकी किताबें पढ़नी होंगी। उनके भाषण सुनने होंगे।,,,
1315.5,1321,"A crowded modern Indian street on 14 April, marigold garlands and blue flags without lettering, dense crowd seen from above, extreme wide shot, vast scale, human figures small in frame, near-monochrome palette, rain, wet stone, cold grey with one warm point, cinematic documentary photography, 35mm film, natural light, shallow depth of field, no text, no lettering, no signage, no logos, 16:9",cut,pan_left,noir,medium,,,,उनकी बहसों को समझना होगा। और उन सवालों को देखना होगा जिनके कारण उन्होंने अपना पूरा जीवन लगा दिया।,,,
1321,1323.5,"A plain wooden chair standing alone in an empty room lit by a single tall window, clear modern daylight, medium shot, contemporary palette, clear modern daylight, colour returning to the film, cinematic documentary photography, 35mm film, natural light, shallow depth of field, no text, no lettering, no signage, no logos, 16:9",fadeblack,,neutral,light,hopeful.mp3,,सवाल,तो आखिर... डॉ. बी. आर. आंबेडकर कौन थे?,,chapter_card,chapter=भाग पंद्रह
1323.5,1326,"A bound copy of a constitution lying closed on a plain table, clean daylight, nothing else in frame, close shot, contemporary palette, clear modern daylight, colour returning to the film, cinematic documentary photography, 35mm film, natural light, shallow depth of field, no text, no lettering, no signage, no logos, 16:9",dissolve,zoom_out:1.16,neutral,light,,,,क्या वह केवल भारतीय संविधान के निर्माता थे? नहीं।,,,
1326,1330.5,"A modern Indian public library with long reading tables, a scattering of students at work, clear daylight through tall windows, wide shot, contemporary palette, clear modern daylight, colour returning to the film, cinematic documentary photography, 35mm film, natural light, shallow depth of field, no text, no lettering, no signage, no logos, 16:9",cut,zoom_in:1.11,neutral,light,,,,क्या वह केवल दलित अधिकारों के नेता थे? नहीं। क्या वह केवल एक राजनेता थे? नहीं।,,,
1330.5,1337.5,"Looking straight down at six objects laid in a row on a plain table — a law book, an economic ledger, a manuscript, a newspaper, a microphone and a clay lamp, high overhead shot looking straight down, contemporary palette, clear modern daylight, colour returning to the film, cinematic documentary photography, 35mm film, natural light, shallow depth of field, no text, no lettering, no signage, no logos, 16:9",dissolve:0.7,,neutral,light,,,अर्थशास्त्री · विधिवेत्ता · लेखक · पत्रकार · विचारक,वह इन सबके साथ-साथ एक अर्थशास्त्री थे। एक विधिवेत्ता थे। एक लेखक थे। एक पत्रकार थे। एक समाज चिंतक थे। एक राजनीतिक विचारक थे।,,vox_lower_bar,
1337.5,1344.5,"Two identical brass weights on the two pans of a balance, the beam perfectly level, clean bright light, medium shot, contemporary palette, clear modern daylight, colour returning to the film, cinematic documentary photography, 35mm film, natural light, shallow depth of field, no text, no lettering, no signage, no logos, 16:9",dissolve,zoom_in:1.15,neutral,light,,,,और सबसे महत्वपूर्ण... एक ऐसे व्यक्ति थे जो भारतीय समाज से लगातार एक ही मूल सवाल पूछते रहे— क्या हर इंसान की कीमत बराबर है?,,,
1344.5,1353,"A wide modern Indian city skyline at sunrise, clear air, the streets below just beginning to fill, extreme wide shot, vast scale, human figures small in frame, contemporary palette, clear modern daylight, colour returning to the film, cinematic documentary photography, 35mm film, natural light, shallow depth of field, no text, no lettering, no signage, no logos, 16:9",cut,,neutral,light,,,"राजनीतिक स्वतंत्रता, सामाजिक स्वतंत्रता","उनकी जिंदगी को अगर एक लाइन में समझना हो, तो शायद वह लाइन यह होगी— राजनीतिक स्वतंत्रता तभी अर्थपूर्ण है जब वह सामाजिक स्वतंत्रता की ओर भी ले जाए।",,title_reveal,size=0.058
1353,1357.5,"A polling booth in a modern Indian school hall, a voting compartment and an inked finger raised, face out of frame, medium shot, contemporary palette, clear modern daylight, colour returning to the film, cinematic documentary photography, 35mm film, natural light, shallow depth of field, no text, no lettering, no signage, no logos, 16:9",cut,zoom_in:1.15,neutral,light,,,,क्योंकि किसी देश का संविधान किसी व्यक्ति को वोट देने का अधिकार दे सकता है।,,,
1357.5,1362,"A crowded urban street where one figure stands still while the crowd flows around them, seen from behind, daylight, wide shot, contemporary palette, clear modern daylight, colour returning to the film, cinematic documentary photography, 35mm film, natural light, shallow depth of field, no text, no lettering, no signage, no logos, 16:9",dissolve,zoom_in:1.11,neutral,light,,,,लेकिन अगर वही समाज उसे जन्म के कारण नीचा समझता है... तो लोकतंत्र अधूरा है।,,,
1362,1367,"A law book lying open on a table with a closed door visible behind it, clear daylight, text not legible, close shot, contemporary palette, clear modern daylight, colour returning to the film, cinematic documentary photography, 35mm film, natural light, shallow depth of field, no text, no lettering, no signage, no logos, 16:9",cut,zoom_out:1.16,neutral,light,,,,कानून बराबरी दे सकता है। लेकिन अगर समाज बराबरी को स्वीकार नहीं करता... तो संघर्ष जारी रहता है।,,,
1367,1375.5,"A speaker's lectern in a tiered assembly chamber lit by a single shaft from above, the seats empty, dust turning in the light, wide shot, contemporary palette, clear modern daylight, colour returning to the film, cinematic documentary photography, 35mm film, natural light, shallow depth of field, no text, no lettering, no signage, no logos, 16:9",cut,,neutral,light,,,२५ नवंबर १९४९,आंबेडकर इस विरोधाभास को बहुत स्पष्ट रूप से समझते थे। इसीलिए 25 नवंबर 1949 को संविधान सभा में उन्होंने भारत के भविष्य को लेकर एक गंभीर चेतावनी दी थी।,,lower_third,"sub=संविधान सभा, अंतिम भाषण"
1375.5,1382.5,"Looking straight down at two maps of the same country, one shaded evenly and one shaded in strongly uneven patches, side by side, high overhead shot looking straight down, contemporary palette, clear modern daylight, colour returning to the film, cinematic documentary photography, 35mm film, natural light, shallow depth of field, no text, no lettering, no signage, no logos, 16:9",dissolve:0.7,zoom_out:1.18,neutral,light,,,,"उन्होंने कहा कि भारत राजनीतिक रूप से समानता के सिद्धांत को स्वीकार करने जा रहा है, लेकिन सामाजिक और आर्थिक जीवन में असमानता मौजूद रहेगी।",,,
1382.5,1387.5,"A hairline crack running across a polished stone surface, hard clean light raking along it, extreme close-up, detail shot, contemporary palette, clear modern daylight, colour returning to the film, cinematic documentary photography, 35mm film, natural light, shallow depth of field, no text, no lettering, no signage, no logos, 16:9",cut,zoom_in:1.22,neutral,light,,,,और अगर यह विरोधाभास बहुत लंबे समय तक बना रहा... तो लोकतंत्र खतरे में पड़ सकता है।,,,
1387.5,1394.5,"Three lamps burning together in a row on a plain table in a bright room, their flames steady, medium shot, contemporary palette, clear modern daylight, colour returning to the film, cinematic documentary photography, 35mm film, natural light, shallow depth of field, no text, no lettering, no signage, no logos, 16:9",cut,,neutral,light,,,स्वतंत्रता · समानता · बंधुत्व,उन्होंने लोकतंत्र को केवल सरकार की व्यवस्था नहीं माना। उनके लिए लोकतंत्र एक सामाजिक संबंध था। जहां— स्वतंत्रता हो। समानता हो। और बंधुत्व हो।,,vox_stat,
1394.5,1403,"A modern Indian classroom full of children at desks, seen from the back of the room, clear daylight through open windows, wide shot, contemporary palette, clear modern daylight, colour returning to the film, cinematic documentary photography, 35mm film, natural light, shallow depth of field, no text, no lettering, no signage, no logos, 16:9",dissolve,zoom_in:1.11,neutral,light,,,,और शायद यही वजह है कि आंबेडकर की विरासत सिर्फ संविधान की किताब में नहीं है। वह उन सवालों में है जो आज भी भारत के सामने खड़े हैं।,,,
1403,1406.5,"A queue at a public service counter in modern India, people waiting patiently, all seen from behind, flat daylight, medium shot, contemporary palette, clear modern daylight, colour returning to the film, cinematic documentary photography, 35mm film, natural light, shallow depth of field, no text, no lettering, no signage, no logos, 16:9",dissolve,zoom_in:1.15,neutral,light,,,,शिक्षा किसे मिलती है? संसाधनों तक किसकी पहुंच है? राजनीतिक प्रतिनिधित्व कैसा है?,,,
1406.5,1413.5,"A village water point in modern India with people filling containers together, bright hard daylight, faces turned away, wide shot, contemporary palette, clear modern daylight, colour returning to the film, cinematic documentary photography, 35mm film, natural light, shallow depth of field, no text, no lettering, no signage, no logos, 16:9",dissolve,zoom_in:1.11,neutral,light,,,,सामाजिक भेदभाव कितना बचा है? कानून और समाज के बीच कितनी दूरी है? और क्या हर भारतीय वास्तव में दूसरे भारतीय को बराबर मानता है?,,,
1413.5,1420.5,"A set of open reference books and a notebook on a student's desk by a window, pencil in hand, clear daylight, medium shot, contemporary palette, clear modern daylight, colour returning to the film, cinematic documentary photography, 35mm film, natural light, shallow depth of field, no text, no lettering, no signage, no logos, 16:9",dissolve,zoom_in:1.15,neutral,light,,,,इन सवालों के जवाब समय के साथ बदल सकते हैं। लेकिन आंबेडकर का योगदान इन सवालों को भारतीय लोकतंत्र के केंद्र में लाने में था।,,,
1420.5,1428,"Looking straight down at a diagram of interlocking wooden blocks partly disassembled on a plain table, even light, high overhead shot looking straight down, contemporary palette, clear modern daylight, colour returning to the film, cinematic documentary photography, 35mm film, natural light, shallow depth of field, no text, no lettering, no signage, no logos, 16:9",dissolve,zoom_out:1.18,neutral,light,,,,उन्होंने केवल यह नहीं कहा कि अन्याय है। उन्होंने यह समझने की कोशिश की कि अन्याय पैदा कैसे होता है। कौन-सी सामाजिक संरचनाएं उसे बनाए रखती हैं।,,,
1428,1432.5,"A courtroom doorway and a household doorway photographed side by side in one plain wall, clean daylight, medium shot, contemporary palette, clear modern daylight, colour returning to the film, cinematic documentary photography, 35mm film, natural light, shallow depth of field, no text, no lettering, no signage, no logos, 16:9",dissolve,zoom_in:1.15,neutral,light,,,,कानून उन्हें कैसे बदल सकता है। राजनीतिक प्रतिनिधित्व उस बदलाव में क्या भूमिका निभा सकता है।,,,
1432.5,1437.5,"A long straight road through modern Indian countryside with a fork far ahead, clear morning light, one cyclist in the distance, wide shot, contemporary palette, clear modern daylight, colour returning to the film, cinematic documentary photography, 35mm film, natural light, shallow depth of field, no text, no lettering, no signage, no logos, 16:9",dissolve,zoom_in:1.11,neutral,light,,,,और अंततः... क्या एक समाज सिर्फ कानून से बदल सकता है? या उसे अपने विचार भी बदलने होंगे?,,,
1437.5,1443,"A public debate in a modern Indian hall, a standing microphone and a seated audience seen from behind, daylight, medium shot, contemporary palette, clear modern daylight, colour returning to the film, cinematic documentary photography, 35mm film, natural light, shallow depth of field, no text, no lettering, no signage, no logos, 16:9",dissolve,zoom_in:1.15,neutral,light,,,,शायद इसी वजह से आंबेडकर की कहानी सिर्फ अतीत की कहानी नहीं है। यह एक लगातार चलने वाली बहस है।,,,
1443,1446.5,"A dense modern Indian city seen from above at midday, rooftops and lanes running to the horizon, clear air, extreme wide shot, vast scale, human figures small in frame, contemporary palette, clear modern daylight, colour returning to the film, cinematic documentary photography, 35mm film, natural light, shallow depth of field, no text, no lettering, no signage, no logos, 16:9",cut,pan_left,neutral,light,,,,भारत किस तरह का समाज बनेगा? किसे बराबरी मिलेगी? किसे प्रतिनिधित्व मिलेगा?,,,
1446.5,1451,"An ordinary residential lane in modern India in the early morning, neighbours' doorways opening onto the same street, soft light, wide shot, contemporary palette, clear modern daylight, colour returning to the film, cinematic documentary photography, 35mm film, natural light, shallow depth of field, no text, no lettering, no signage, no logos, 16:9",dissolve,zoom_in:1.11,neutral,light,,,,और लोकतंत्र कागज पर नहीं... बल्कि समाज की रोजमर्रा की जिंदगी में कितना दिखाई देगा?,,,
1451,1457,"A wide dry plain in central India at first light with a single cart track running to the horizon, one distant figure walking, wide shot, contemporary palette, clear modern daylight, colour returning to the film, cinematic documentary photography, 35mm film, natural light, shallow depth of field, no text, no lettering, no signage, no logos, 16:9",dissolve:0.7,,neutral,light,,,एक जीवन,14 अप्रैल 1891 को महू में जन्मा वह बच्चा... जिसके सामने जन्म से ही एक सामाजिक सीमा खींच दी गई थी...,,timeline,"from=1891;to=1956;marks=1891,1907,1913,1923,1927,1936,1947,1950,1956;highlight=1891"
1457,1463.5,"A school desk, a law book and a public platform photographed together in one plain composition, clean even light, medium shot, contemporary palette, clear modern daylight, colour returning to the film, cinematic documentary photography, 35mm film, natural light, shallow depth of field, no text, no lettering, no signage, no logos, 16:9",dissolve,zoom_in:1.15,neutral,light,,,,आखिरकार उसी सीमा को चुनौती देने वाला व्यक्ति बना। उसने शिक्षा को हथियार बनाया। कानून को माध्यम बनाया। राजनीति को मंच बनाया।,,,
1463.5,1467,"A bound constitution standing upright between two plain bookends on a shelf, clear daylight, close shot, contemporary palette, clear modern daylight, colour returning to the film, cinematic documentary photography, 35mm film, natural light, shallow depth of field, no text, no lettering, no signage, no logos, 16:9",dissolve,zoom_out:1.16,neutral,light,,,,और संविधान को एक संस्थागत ढांचे में बदलने में अपना महत्वपूर्ण योगदान दिया।,,,
1467,1474,"A single unanswered question mark shape formed by a curl of lamp smoke against a dark ground, soft light, extreme close-up, detail shot, contemporary palette, clear modern daylight, colour returning to the film, cinematic documentary photography, 35mm film, natural light, shallow depth of field, no text, no lettering, no signage, no logos, 16:9",dissolve,zoom_in:1.22,neutral,light,,,,"लेकिन उसकी सबसे बड़ी विरासत शायद कोई एक पद, कोई एक किताब या कोई एक दस्तावेज नहीं है। उसकी सबसे बड़ी विरासत एक सवाल है—",,,
1474,1483.5,"Two chairs of exactly equal height set facing each other at a plain table, clean bright daylight, nobody seated, medium shot, contemporary palette, clear modern daylight, colour returning to the film, cinematic documentary photography, 35mm film, natural light, shallow depth of field, no text, no lettering, no signage, no logos, 16:9",cut,zoom_in:1.15,neutral,light,,,,क्या लोकतंत्र सिर्फ यह है कि हर व्यक्ति को वोट देने का अधिकार मिले? या लोकतंत्र का असली अर्थ तब होगा... जब हर व्यक्ति को सम्मान के साथ जीने का अधिकार भी मिले?,,,
1483.5,1492,"A crowded modern Indian railway platform at dawn, people of every kind waiting together, soft first light, wide shot, contemporary palette, clear modern daylight, colour returning to the film, cinematic documentary photography, 35mm film, natural light, shallow depth of field, no text, no lettering, no signage, no logos, 16:9",dissolve,zoom_in:1.11,neutral,light,,,,यही वह सवाल है जो भीमराव आंबेडकर ने अपने जीवन से पूछा। और यही वह सवाल है जो उनकी मृत्यु के दशकों बाद भी भारत के सामने खड़ा है।,,,
1492,1496.5,"A clay lamp burning steadily at the edge of a dark stone step, soft rain falling around it, extreme close-up, detail shot, contemporary palette, clear modern daylight, colour returning to the film, cinematic documentary photography, 35mm film, natural light, shallow depth of field, no text, no lettering, no signage, no logos, 16:9",cut,,neutral,light,,,६ दिसंबर १९५६,6 दिसंबर 1956 को आंबेडकर का शरीर चला गया। लेकिन उनके सवाल... अब भी जीवित हैं।,,lower_third,"sub=शरीर गया, सवाल बाकी"
1496.5,1505.5,"A vast dry plain in central India at sunrise, a single road running to the horizon, the sky opening wide above it, extreme wide shot, vast scale, human figures small in frame, contemporary palette, clear modern daylight, colour returning to the film, cinematic documentary photography, 35mm film, natural light, shallow depth of field, no text, no lettering, no signage, no logos, 16:9",cut,,neutral,light,,,भीमराव रामजी आंबेडकर,और शायद... किसी भी विचारक की सबसे बड़ी जीत यही होती है— कि उसकी जिंदगी खत्म हो जाए... लेकिन उसके सवाल आने वाली पीढ़ियों को सोचने के लिए मजबूर करते रहें।,,title_reveal,size=0.078
